RouteID,DisruptionID,DisruptionType,Severity,DelayMinutes,CapacityReduction,TotalStops,StopsLost,DistanceChange(KM),TimeChange(Hours),RecoveryEfficiency(%),RecoverySuccessful,MLRisk,HIGH_Probability,MEDIUM_Probability,LOW_Probability,MLConfidence(%),OperationalRiskScore,FinalRiskScore,FinalRiskLevel,PriorityScore,AI_Decision,AI_Explanation
RouteID_00747543-3f2f-47ae-a2f2-91b30ce207ab,DISRUPTION_773a987c-f124-47a1-a60f-66d8903f329b,TRAFFIC_DELAY,HIGH,50,0,173,23,-9.88,-0.33,17.02,True,HIGH,100.0,0.0,0.0,100.0,85,85.0,HIGH,100.0,IMMEDIATE_TRAFFIC_REROUTE,HIGH risk detected with 100.0% ML confidence. Traffic delay requires congestion avoidance.
RouteID_00f414f8-ff9a-4d98-aca2-a6b991a2037d,DISRUPTION_1556a079-92d0-4655-95d8-d11241e7f33e,TRAFFIC_DELAY,HIGH,54,0,164,14,-5.32,-0.18,10.62,True,HIGH,99.99,0.01,0.0,99.99,80,83.49,HIGH,97.44,IMMEDIATE_TRAFFIC_REROUTE,HIGH risk detected with 100.0% ML confidence. Traffic delay requires congestion avoidance.
RouteID_00e7fcc6-2f6d-4054-b9ca-e190fa4ecdce,DISRUPTION_a8862278-4788-4884-8078-0eb6efb29996,TRAFFIC_DELAY,HIGH,40,0,167,17,-9.47,-0.32,21.41,True,HIGH,99.99,0.01,0.0,99.99,80,83.49,HIGH,96.19,IMMEDIATE_TRAFFIC_REROUTE,HIGH risk detected with 100.0% ML confidence. Traffic delay requires congestion avoidance.
RouteID_00f414f8-ff9a-4d98-aca2-a6b991a2037d,DISRUPTION_10a97f6c-d577-4811-b985-ed8ca193f540,TRAFFIC_DELAY,HIGH,45,0,164,14,-5.32,-0.18,10.62,True,HIGH,99.99,0.01,0.0,99.99,80,83.49,HIGH,95.19,IMMEDIATE_TRAFFIC_REROUTE,HIGH risk detected with 100.0% ML confidence. Traffic delay requires congestion avoidance.
RouteID_0091a35c-85fa-4b5e-90cf-4778f441753e,DISRUPTION_50c7dcec-a2f4-46aa-833f-55584e1915f4,VEHICLE_CAPACITY_REDUCTION,HIGH,0,43,145,60,-18.94,-0.63,45.17,True,HIGH,100.0,0.0,0.0,100.0,87,85.6,HIGH,89.92,IMMEDIATE_LOAD_REBALANCE,HIGH risk detected with 100.0% ML confidence. Reduced vehicle capacity requires load balancing.
RouteID_00575a14-7d19-4291-8853-8f7095ed1bc6,DISRUPTION_8fa5545e-2de6-447d-823b-9730d7f67737,VEHICLE_CAPACITY_REDUCTION,HIGH,0,31,176,74,-18.08,-0.6,44.79,True,HIGH,100.0,0.0,0.0,100.0,87,85.6,HIGH,89.92,IMMEDIATE_LOAD_REBALANCE,HIGH risk detected with 100.0% ML confidence. Reduced vehicle capacity requires load balancing.
RouteID_006f581c-3087-4edf-8802-278b078157b9,DISRUPTION_379b6b07-bc1c-4ccd-bfce-abdd6764ddd8,VEHICLE_CAPACITY_REDUCTION,HIGH,0,46,184,104,-28.88,-0.96,51.12,True,HIGH,100.0,0.0,0.0,100.0,87,85.6,HIGH,89.92,IMMEDIATE_LOAD_REBALANCE,HIGH risk detected with 100.0% ML confidence. Reduced vehicle capacity requires load balancing.
RouteID_00ca3fbf-8953-4fbb-9c59-96fce68e6504,DISRUPTION_e1bc5189-c1aa-4fd5-9f17-0530650baf11,VEHICLE_CAPACITY_REDUCTION,HIGH,0,49,138,63,-13.41,-0.45,28.83,True,HIGH,100.0,0.0,0.0,100.0,82,84.1,HIGH,88.87,IMMEDIATE_LOAD_REBALANCE,HIGH risk detected with 100.0% ML confidence. Reduced vehicle capacity requires load balancing.
RouteID_00d421bf-f001-4fb0-923e-c343d3d369bc,DISRUPTION_992b81e6-7bee-4878-84cf-991575afcbd9,VEHICLE_CAPACITY_REDUCTION,HIGH,0,41,159,71,-13.7,-0.46,40.23,True,HIGH,100.0,0.0,0.0,100.0,82,84.1,HIGH,88.87,IMMEDIATE_LOAD_REBALANCE,HIGH risk detected with 100.0% ML confidence. Reduced vehicle capacity requires load balancing.
RouteID_00ace8b4-30c6-4a20-a723-74ece636a0da,DISRUPTION_384f57ba-2f04-4a21-b49a-3c618a7dcf05,VEHICLE_CAPACITY_REDUCTION,HIGH,0,25,173,62,-13.1,-0.44,35.57,True,HIGH,100.0,0.0,0.0,100.0,77,82.6,HIGH,87.82,IMMEDIATE_LOAD_REBALANCE,HIGH risk detected with 100.0% ML confidence. Reduced vehicle capacity requires load balancing.
RouteID_0036cf37-1c93-48f8-b337-3dd6d1a195d8,DISRUPTION_8353c03c-43c3-4640-b9ab-853d61bf0e42,ROAD_CLOSURE,HIGH,0,0,190,40,-12.39,-0.41,23.62,True,HIGH,99.39,0.61,0.0,99.39,70,80.14,HIGH,86.01,IMMEDIATE_REROUTE,HIGH risk detected with 99.4% ML confidence. Closed road requires alternative routing.
RouteID_00ca3fbf-8953-4fbb-9c59-96fce68e6504,DISRUPTION_207a2b07-ff9d-44ff-8f25-fa3bf79e7296,TRAFFIC_DELAY,HIGH,58,0,138,0,-1.01,-0.03,2.18,True,HIGH,99.95,0.05,0.0,99.95,70,80.47,HIGH,85.82,IMMEDIATE_TRAFFIC_REROUTE,HIGH risk detected with 100.0% ML confidence. Traffic delay requires congestion avoidance.
RouteID_00b8cd9c-613a-4519-b3fd-2b7174f1cff3,DISRUPTION_a1616893-2fc0-4b12-a144-828606286e54,TRAFFIC_DELAY,HIGH,58,0,80,0,-0.57,-0.02,2.25,True,HIGH,99.91,0.09,0.0,99.91,70,80.45,HIGH,85.8,IMMEDIATE_TRAFFIC_REROUTE,HIGH risk detected with 99.9% ML confidence. Traffic delay requires congestion avoidance.
RouteID_00437423-5a8f-4fac-8efa-85264f0a3944,DISRUPTION_ef6528c4-be5e-46ee-b4c5-6ab463ad471a,TRAFFIC_DELAY,MEDIUM,26,0,161,11,-17.39,-0.58,24.78,True,HIGH,99.5,0.5,0.0,99.5,67,79.3,HIGH,85.18,IMMEDIATE_TRAFFIC_REROUTE,HIGH risk detected with 99.5% ML confidence. Traffic delay requires congestion avoidance.
RouteID_0021a2aa-780f-460d-b09a-f301709e2523,DISRUPTION_5a3ed1dd-482f-4573-8829-b6f0eff5ebb8,VEHICLE_CAPACITY_REDUCTION,MEDIUM,0,14,155,26,-14.88,-0.5,30.68,True,HIGH,99.02,0.98,0.0,99.02,67,79.02,HIGH,85.17,IMMEDIATE_LOAD_REBALANCE,HIGH risk detected with 99.0% ML confidence. Reduced vehicle capacity requires load balancing.
RouteID_00ead793-e8f0-4ac6-a2d7-d988f05cc715,DISRUPTION_4c85b211-e799-483a-81d3-b51a8df64434,ROAD_CLOSURE,MEDIUM,0,0,198,48,-13.38,-0.45,39.67,True,HIGH,99.96,0.04,0.0,99.96,60,77.48,HIGH,84.23,IMMEDIATE_REROUTE,HIGH risk detected with 100.0% ML confidence. Closed road requires alternative routing.
RouteID_00ead793-e8f0-4ac6-a2d7-d988f05cc715,DISRUPTION_1bec358f-a4df-49f9-ab81-f0433fc5d5e5,ROAD_CLOSURE,MEDIUM,0,0,198,48,-13.38,-0.45,39.66,True,HIGH,99.96,0.04,0.0,99.96,60,77.48,HIGH,84.23,IMMEDIATE_REROUTE,HIGH risk detected with 100.0% ML confidence. Closed road requires alternative routing.
RouteID_00573a3d-b909-42ee-8a99-c6474309d96b,DISRUPTION_1a37a412-f55f-48f1-89e8-9d6f613f5eca,TRAFFIC_DELAY,HIGH,39,0,154,5,-12.17,-0.41,15.1,True,HIGH,100.0,0.0,0.0,100.0,67,79.6,HIGH,84.22,IMMEDIATE_TRAFFIC_REROUTE,HIGH risk detected with 100.0% ML confidence. Traffic delay requires congestion avoidance.
RouteID_00747543-3f2f-47ae-a2f2-91b30ce207ab,DISRUPTION_072af70c-aac0-4085-8851-6777862541d6,ROAD_CLOSURE,MEDIUM,0,0,173,23,-9.84,-0.33,16.95,True,HIGH,98.33,1.67,0.0,98.33,60,76.51,HIGH,83.31,IMMEDIATE_REROUTE,HIGH risk detected with 98.3% ML confidence. Closed road requires alternative routing.
RouteID_0016bc70-cb8d-48b0-aa55-8ee50bdcdb59,DISRUPTION_d45948d9-bc2e-492b-aefe-d9c603f46037,TRAFFIC_DELAY,HIGH,43,0,106,0,-0.39,-0.01,0.96,True,HIGH,99.91,0.09,0.0,99.91,70,80.45,HIGH,82.05,IMMEDIATE_TRAFFIC_REROUTE,HIGH risk detected with 99.9% ML confidence. Traffic delay requires congestion avoidance.
RouteID_0074e307-23c1-4b15-afa2-e58b45e4403c,DISRUPTION_6d4a41cd-2966-4653-9ba5-20d04b3cf839,ROAD_CLOSURE,HIGH,0,0,161,11,-9.46,-0.32,31.07,True,HIGH,100.0,0.0,0.0,100.0,65,79.0,HIGH,78.55,IMMEDIATE_REROUTE,HIGH risk detected with 100.0% ML confidence. Closed road requires alternative routing.
RouteID_001b4ee3-c4f2-467f-932b-c85524d1021f,DISRUPTION_ca4bf0e3-e06f-4188-8aef-9abbb2d56409,TRAFFIC_DELAY,HIGH,36,0,141,0,-4.4,-0.15,9.63,True,HIGH,99.66,0.34,0.0,99.66,62,77.9,HIGH,78.48,IMMEDIATE_TRAFFIC_REROUTE,HIGH risk detected with 99.7% ML confidence. Traffic delay requires congestion avoidance.
RouteID_006f581c-3087-4edf-8802-278b078157b9,DISRUPTION_67a4f0ee-ee40-4e90-90e9-884c4e56bef9,VEHICLE_CAPACITY_REDUCTION,LOW,0,10,184,50,-20.29,-0.68,35.9,True,HIGH,84.39,15.61,0.0,84.39,57,67.31,MEDIUM,74.78,REBALANCE_LOAD_AND_REROUTE,MEDIUM risk detected with 84.4% ML confidence. Reduced vehicle capacity requires load balancing.
RouteID_0021a2aa-780f-460d-b09a-f301709e2523,DISRUPTION_dff6dfaf-90f0-45bd-830e-a847e06fff18,ROAD_CLOSURE,HIGH,0,0,155,5,-10.03,-0.33,20.69,True,HIGH,99.5,0.5,0.0,99.5,60,77.2,HIGH,72.72,IMMEDIATE_REROUTE,HIGH risk detected with 99.5% ML confidence. Closed road requires alternative routing.
RouteID_00575a14-7d19-4291-8853-8f7095ed1bc6,DISRUPTION_ef588552-1a3c-45e8-88bc-1ca4bad2e5e9,TRAFFIC_DELAY,LOW,15,0,176,27,-9.51,-0.32,23.57,True,MEDIUM,0.19,99.81,0.0,99.81,51,53.73,MEDIUM,71.33,REROUTE_TRAFFIC_AVOIDANCE,MEDIUM risk detected with 99.8% ML confidence. Traffic delay requires congestion avoidance.
RouteID_00930ddc-25f9-4371-a437-1e37c9d0a80d,DISRUPTION_d88b4a61-f5fa-46a7-9aa9-bb82566c4363,ROAD_CLOSURE,HIGH,0,0,153,3,-6.6,-0.22,11.19,True,HIGH,99.36,0.64,0.0,99.36,60,77.12,HIGH,71.14,IMMEDIATE_REROUTE,HIGH risk detected with 99.4% ML confidence. Closed road requires alternative routing.
RouteID_00b8cd9c-613a-4519-b3fd-2b7174f1cff3,DISRUPTION_c7af502f-910e-4c15-9487-b2257b9ecbc3,VEHICLE_CAPACITY_REDUCTION,HIGH,0,35,80,0,-0.57,-0.02,2.25,True,HIGH,100.0,0.0,0.0,100.0,67,79.6,HIGH,70.72,IMMEDIATE_LOAD_REBALANCE,HIGH risk detected with 100.0% ML confidence. Reduced vehicle capacity requires load balancing.
RouteID_00575ca4-8a63-49d2-96c8-9b347be5ba6c,DISRUPTION_34f850bd-d328-402b-be0b-cee00f2a4e2d,ROAD_CLOSURE,HIGH,0,0,59,1,-0.95,-0.03,3.66,True,HIGH,100.0,0.0,0.0,100.0,60,77.5,HIGH,70.0,IMMEDIATE_REROUTE,HIGH risk detected with 100.0% ML confidence. Closed road requires alternative routing.
RouteID_00bea18c-ee16-4a18-a916-7a447c733a7d,DISRUPTION_f599586b-263e-4588-b926-897daf94ba7a,ROAD_CLOSURE,HIGH,0,0,141,1,-8.12,-0.27,26.23,True,HIGH,100.0,0.0,0.0,100.0,60,77.5,HIGH,70.0,IMMEDIATE_REROUTE,HIGH risk detected with 100.0% ML confidence. Closed road requires alternative routing.
RouteID_00595235-52e7-4b68-883c-70482701dea0,DISRUPTION_246ed6f5-2a66-4641-8b07-0afad8166c80,ROAD_CLOSURE,HIGH,0,0,129,1,-3.99,-0.13,12.81,True,HIGH,99.85,0.15,0.0,99.85,60,77.41,HIGH,69.91,IMMEDIATE_REROUTE,HIGH risk detected with 99.8% ML confidence. Closed road requires alternative routing.
RouteID_0036cf37-1c93-48f8-b337-3dd6d1a195d8,DISRUPTION_1283b272-64cf-4507-883a-eaaf6de273f6,TRAFFIC_DELAY,LOW,11,0,190,40,-12.42,-0.41,23.69,True,MEDIUM,1.39,98.61,0.0,98.61,51,53.26,MEDIUM,69.82,REROUTE_TRAFFIC_AVOIDANCE,MEDIUM risk detected with 98.6% ML confidence. Traffic delay requires congestion avoidance.
RouteID_007b8544-11dc-47b2-be61-0095f8f2af71,DISRUPTION_cdd93ad0-8529-458d-906b-7ad8aa8adbc4,ROAD_CLOSURE,HIGH,0,0,78,1,-1.73,-0.06,6.65,True,HIGH,98.8,1.2,0.0,98.8,60,76.79,HIGH,69.32,IMMEDIATE_REROUTE,HIGH risk detected with 98.8% ML confidence. Closed road requires alternative routing.
RouteID_007a8397-37f4-4775-a452-c6934167526b,DISRUPTION_5afeb7ac-330f-4236-8ec8-ef4e7a825c57,VEHICLE_CAPACITY_REDUCTION,LOW,0,6,176,35,-10.05,-0.33,31.94,True,MEDIUM,0.56,99.44,0.0,99.44,52,53.88,MEDIUM,67.63,REBALANCE_LOAD_AND_REROUTE,MEDIUM risk detected with 99.4% ML confidence. Reduced vehicle capacity requires load balancing.
RouteID_007a8397-37f4-4775-a452-c6934167526b,DISRUPTION_a434b67d-6583-42cd-a60d-644182f28f3f,VEHICLE_CAPACITY_REDUCTION,LOW,0,10,176,41,-10.83,-0.36,34.44,True,MEDIUM,4.67,95.33,0.0,95.33,52,52.3,MEDIUM,65.91,REBALANCE_LOAD_AND_REROUTE,MEDIUM risk detected with 95.3% ML confidence. Reduced vehicle capacity requires load balancing.
RouteID_00ace8b4-30c6-4a20-a723-74ece636a0da,DISRUPTION_c1097fda-4d69-4285-b9dc-6f6a8dfedc55,NEW_STOP,MEDIUM,0,0,173,24,-8.34,-0.28,22.65,True,MEDIUM,4.59,95.41,0.0,95.41,47,50.83,MEDIUM,64.89,INSERT_STOP_OPTIMALLY,MEDIUM risk detected with 95.4% ML confidence. New stop requires route insertion optimization.
RouteID_00437423-5a8f-4fac-8efa-85264f0a3944,DISRUPTION_e129d943-6725-4735-9516-48f0f05eb8a7,VEHICLE_CAPACITY_REDUCTION,LOW,0,10,161,26,-23.46,-0.78,33.43,True,MEDIUM,10.13,89.87,0.0,89.87,57,51.7,MEDIUM,64.67,REBALANCE_LOAD_AND_REROUTE,MEDIUM risk detected with 89.9% ML confidence. Reduced vehicle capacity requires load balancing.
RouteID_00e7fcc6-2f6d-4054-b9ca-e190fa4ecdce,DISRUPTION_d4374445-3e34-4f59-b6b6-06d47aac2e67,NEW_STOP,MEDIUM,0,0,167,17,-9.47,-0.32,21.41,True,MEDIUM,0.23,99.77,0.0,99.77,42,51.01,MEDIUM,63.42,INSERT_STOP_OPTIMALLY,MEDIUM risk detected with 99.8% ML confidence. New stop requires route insertion optimization.
RouteID_0076d53c-6bfa-4e22-b39e-08769fb8e4d3,DISRUPTION_6450d179-9bf4-46e5-95db-4dfd6144d657,TRAFFIC_DELAY,MEDIUM,27,0,129,0,-3.27,-0.11,7.48,True,MEDIUM,0.0,100.0,0.0,100.0,52,54.1,MEDIUM,59.62,REROUTE_TRAFFIC_AVOIDANCE,MEDIUM risk detected with 100.0% ML confidence. Traffic delay requires congestion avoidance.
RouteID_00bea18c-ee16-4a18-a916-7a447c733a7d,DISRUPTION_8c6ca020-f6d9-4c37-acb1-ae92f1066d05,TRAFFIC_DELAY,MEDIUM,28,0,141,0,-8.03,-0.27,25.93,True,MEDIUM,2.48,97.52,0.0,97.52,52,53.15,MEDIUM,58.83,REROUTE_TRAFFIC_AVOIDANCE,MEDIUM risk detected with 97.5% ML confidence. Traffic delay requires congestion avoidance.
RouteID_0074e307-23c1-4b15-afa2-e58b45e4403c,DISRUPTION_84594ab2-335f-4810-8313-895852eaf0a5,NEW_STOP,LOW,0,0,161,11,-9.52,-0.32,31.25,True,MEDIUM,0.0,100.0,0.0,100.0,32,48.1,MEDIUM,56.92,INSERT_STOP_OPTIMALLY,MEDIUM risk detected with 100.0% ML confidence. New stop requires route insertion optimization.
RouteID_00a25e47-65c9-4efc-bfe9-8d9648a0df4e,DISRUPTION_80143bbf-ac31-4bee-af90-bc38d8ab19c7,TRAFFIC_DELAY,LOW,6,0,157,7,-1.03,-0.03,3.49,True,MEDIUM,0.0,99.54,0.46,99.54,35,48.82,MEDIUM,55.86,REROUTE_TRAFFIC_AVOIDANCE,MEDIUM risk detected with 99.5% ML confidence. Traffic delay requires congestion avoidance.
RouteID_00143bdd-0a6b-49ec-bb35-36593d303e77,DISRUPTION_572c9974-37cf-4482-8456-bb7ddfbcf2a7,ROAD_CLOSURE,MEDIUM,0,0,119,1,-2.89,-0.1,8.62,True,MEDIUM,0.08,99.92,0.0,99.92,50,53.47,MEDIUM,53.17,REROUTE_AVOID_CLOSED_ROAD,MEDIUM risk detected with 99.9% ML confidence. Closed road requires alternative routing.
RouteID_00573a3d-b909-42ee-8a99-c6474309d96b,DISRUPTION_c8d451eb-1416-4477-886f-92887a910be8,NEW_STOP,MEDIUM,0,0,154,5,-12.17,-0.41,15.1,True,MEDIUM,0.86,99.14,0.0,99.14,37,49.27,MEDIUM,53.11,INSERT_STOP_OPTIMALLY,MEDIUM risk detected with 99.1% ML confidence. New stop requires route insertion optimization.
RouteID_001948e9-4675-486d-9ec5-912fd8e0770f,DISRUPTION_574e0a38-5dea-46ed-8e75-ddfad66c1ae9,ROAD_CLOSURE,MEDIUM,0,0,128,1,-1.82,-0.06,3.51,True,MEDIUM,0.24,99.76,0.0,99.76,50,53.41,MEDIUM,53.1,REROUTE_AVOID_CLOSED_ROAD,MEDIUM risk detected with 99.8% ML confidence. Closed road requires alternative routing.
RouteID_0016bc70-cb8d-48b0-aa55-8ee50bdcdb59,DISRUPTION_fd1c85c7-1160-440a-a25a-c9169b629075,ROAD_CLOSURE,MEDIUM,0,0,106,1,-0.39,-0.01,0.96,True,MEDIUM,0.35,99.51,0.14,99.51,50,53.31,MEDIUM,52.99,REROUTE_AVOID_CLOSED_ROAD,MEDIUM risk detected with 99.5% ML confidence. Closed road requires alternative routing.
RouteID_00e4885d-4563-4790-bace-6c9e4261ce2a,DISRUPTION_6d1e8815-3075-40c2-b706-5ce143c0f4a1,ROAD_CLOSURE,MEDIUM,0,0,136,1,-2.75,-0.09,6.68,True,MEDIUM,0.55,99.45,0.0,99.45,50,53.29,MEDIUM,52.97,REROUTE_AVOID_CLOSED_ROAD,MEDIUM risk detected with 99.5% ML confidence. Closed road requires alternative routing.
RouteID_00f9c249-33cd-4124-9cf2-b970b157a5ca,DISRUPTION_d311c9a5-2840-4ca2-8bb7-5a5473500481,ROAD_CLOSURE,MEDIUM,0,0,146,1,-3.93,-0.13,7.02,True,MEDIUM,0.95,98.63,0.42,98.63,50,52.97,MEDIUM,52.62,REROUTE_AVOID_CLOSED_ROAD,MEDIUM risk detected with 98.6% ML confidence. Closed road requires alternative routing.
RouteID_0091a35c-85fa-4b5e-90cf-4778f441753e,DISRUPTION_4a8d06d0-26d7-4a24-bbfd-e153ef966b1a,ROAD_CLOSURE,MEDIUM,0,0,145,1,-5.28,-0.18,12.58,True,MEDIUM,3.32,96.68,0.0,96.68,50,52.22,MEDIUM,51.81,REROUTE_AVOID_CLOSED_ROAD,MEDIUM risk detected with 96.7% ML confidence. Closed road requires alternative routing.
RouteID_00e4885d-4563-4790-bace-6c9e4261ce2a,DISRUPTION_c2f88ec3-3595-49cd-b038-46c3bb30d6a4,VEHICLE_CAPACITY_REDUCTION,LOW,0,9,136,0,-2.75,-0.09,6.66,True,MEDIUM,0.0,100.0,0.0,100.0,37,49.6,MEDIUM,49.72,REBALANCE_LOAD_AND_REROUTE,MEDIUM risk detected with 100.0% ML confidence. Reduced vehicle capacity requires load balancing.
RouteID_0076d53c-6bfa-4e22-b39e-08769fb8e4d3,DISRUPTION_98c53896-6273-4d1b-bd20-14ed7ae8dd56,VEHICLE_CAPACITY_REDUCTION,LOW,0,6,129,0,-3.27,-0.11,7.48,True,MEDIUM,0.22,99.53,0.25,99.53,37,49.42,MEDIUM,49.52,REBALANCE_LOAD_AND_REROUTE,MEDIUM risk detected with 99.5% ML confidence. Reduced vehicle capacity requires load balancing.
RouteID_00595235-52e7-4b68-883c-70482701dea0,DISRUPTION_6fd729ba-c1e7-44a9-9dd5-b6319965c42d,NEW_STOP,MEDIUM,0,0,129,0,-3.91,-0.13,12.55,True,MEDIUM,0.0,100.0,0.0,100.0,32,48.1,MEDIUM,48.67,INSERT_STOP_OPTIMALLY,MEDIUM risk detected with 100.0% ML confidence. New stop requires route insertion optimization.
RouteID_007b8544-11dc-47b2-be61-0095f8f2af71,DISRUPTION_f2fd153d-e24a-4959-8fc1-95b4cc1d19a8,NEW_STOP,MEDIUM,0,0,78,0,-1.68,-0.06,6.47,True,MEDIUM,0.0,100.0,0.0,100.0,32,48.1,MEDIUM,48.67,INSERT_STOP_OPTIMALLY,MEDIUM risk detected with 100.0% ML confidence. New stop requires route insertion optimization.
RouteID_00f9c249-33cd-4124-9cf2-b970b157a5ca,DISRUPTION_45e678d4-e97c-43dc-b837-ae537ee99ea0,NEW_STOP,MEDIUM,0,0,146,0,-3.57,-0.12,6.38,True,MEDIUM,0.0,99.58,0.42,99.58,32,47.94,MEDIUM,48.5,INSERT_STOP_OPTIMALLY,MEDIUM risk detected with 99.6% ML confidence. New stop requires route insertion optimization.
RouteID_00d421bf-f001-4fb0-923e-c343d3d369bc,DISRUPTION_b70c226c-12a3-46ad-b06d-27f2a235f314,ROAD_CLOSURE,MEDIUM,0,0,159,9,-2.44,-0.08,7.15,True,MEDIUM,29.75,70.25,0.0,70.25,50,42.05,MEDIUM,46.72,REROUTE_AVOID_CLOSED_ROAD,MEDIUM risk detected with 70.2% ML confidence. Closed road requires alternative routing.
RouteID_00a25e47-65c9-4efc-bfe9-8d9648a0df4e,DISRUPTION_e9b770df-8dc1-4560-a7ef-677a0482e246,ROAD_CLOSURE,MEDIUM,0,0,157,7,-0.94,-0.03,3.17,True,MEDIUM,26.27,73.73,0.0,73.73,50,43.39,MEDIUM,46.68,REROUTE_AVOID_CLOSED_ROAD,MEDIUM risk detected with 73.7% ML confidence. Closed road requires alternative routing.
RouteID_00143bdd-0a6b-49ec-bb35-36593d303e77,DISRUPTION_5368798c-b1b3-4b17-be8c-b79e90058577,TRAFFIC_DELAY,LOW,9,0,119,0,-2.76,-0.09,8.23,True,LOW,0.0,0.52,99.48,99.48,30,26.41,LOW,35.66,MONITOR_ROUTE,LOW risk detected with 99.5% ML confidence. Traffic delay requires congestion avoidance.
RouteID_00575ca4-8a63-49d2-96c8-9b347be5ba6c,DISRUPTION_f106a999-6645-4443-beb3-d3c44cfb929b,TRAFFIC_DELAY,LOW,6,0,59,0,-0.66,-0.02,2.55,True,LOW,0.0,0.3,99.7,99.7,30,26.45,LOW,34.97,MONITOR_ROUTE,LOW risk detected with 99.7% ML confidence. Traffic delay requires congestion avoidance.
RouteID_001948e9-4675-486d-9ec5-912fd8e0770f,DISRUPTION_ed7c542e-c937-4de0-970f-db8ed3c40507,TRAFFIC_DELAY,LOW,6,0,128,0,-1.36,-0.05,2.63,True,LOW,0.0,1.11,98.89,98.89,30,26.31,LOW,34.75,MONITOR_ROUTE,LOW risk detected with 98.9% ML confidence. Traffic delay requires congestion avoidance.
RouteID_00930ddc-25f9-4371-a437-1e37c9d0a80d,DISRUPTION_64293ff7-6c50-4da7-bf01-5f02ae792437,NEW_STOP,LOW,0,0,153,3,-6.69,-0.22,11.34,True,LOW,0.22,2.64,97.15,97.15,27,25.1,LOW,34.39,INSERT_STOP_OPTIMALLY,LOW risk detected with 97.2% ML confidence. New stop requires route insertion optimization.
RouteID_001b4ee3-c4f2-467f-932b-c85524d1021f,DISRUPTION_f0908b76-4fe7-425c-b896-c68912356438,NEW_STOP,LOW,0,0,141,0,-4.4,-0.15,9.63,True,LOW,0.0,0.0,100.0,100.0,22,24.1,LOW,31.87,INSERT_STOP_OPTIMALLY,LOW risk detected with 100.0% ML confidence. New stop requires route insertion optimization.
