DisruptionType,Severity,DelayMinutes,CapacityReduction,TotalStops,StopsLost,DistanceChange(KM),TimeChange(Hours),RecoveryEfficiency(%),MLRiskScore,MLRiskLevel
TRAFFIC_DELAY,HIGH,46.86,0.0,166,20,-10.71,-0.34,16.46,100,HIGH
TRAFFIC_DELAY,HIGH,48.98,0.0,179,24,-10.5,-0.283,17.79,100,HIGH
TRAFFIC_DELAY,HIGH,42.81,5.0,165,28,-10.23,-0.341,15.34,100,HIGH
TRAFFIC_DELAY,HIGH,50.62,0.0,178,20,-9.26,-0.317,16.48,100,HIGH
TRAFFIC_DELAY,HIGH,42.49,0.0,172,27,-9.78,-0.366,17.05,100,HIGH
TRAFFIC_DELAY,HIGH,37.83,0.0,176,27,-10.79,-0.311,15.57,95,HIGH
TRAFFIC_DELAY,HIGH,48.5,0.0,168,24,-10.87,-0.298,16.32,100,HIGH
TRAFFIC_DELAY,HIGH,56.38,0.0,178,23,-10.02,-0.299,17.79,100,HIGH
TRAFFIC_DELAY,HIGH,60.99,0.0,173,27,-10.55,-0.313,16.77,100,HIGH
TRAFFIC_DELAY,HIGH,61.53,0.0,169,22,-9.2,-0.363,16.23,100,HIGH
TRAFFIC_DELAY,HIGH,51.07,0.0,171,21,-8.89,-0.282,16.4,100,HIGH
TRAFFIC_DELAY,HIGH,44.84,0.0,166,26,-10.49,-0.353,17.29,100,HIGH
TRAFFIC_DELAY,HIGH,46.46,0.0,171,27,-10.92,-0.325,15.56,100,HIGH
TRAFFIC_DELAY,HIGH,54.22,0.0,166,25,-10.29,-0.368,16.52,100,HIGH
TRAFFIC_DELAY,HIGH,55.33,0.0,177,25,-9.1,-0.306,15.42,100,HIGH
TRAFFIC_DELAY,HIGH,40.27,5.0,173,19,-8.49,-0.344,16.12,100,HIGH
TRAFFIC_DELAY,HIGH,60.19,0.0,175,24,-10.0,-0.301,17.73,100,HIGH
TRAFFIC_DELAY,HIGH,54.87,5.0,178,27,-10.79,-0.343,17.54,100,HIGH
TRAFFIC_DELAY,HIGH,42.16,0.0,180,27,-9.36,-0.293,16.23,100,HIGH
TRAFFIC_DELAY,HIGH,44.3,0.0,173,22,-10.82,-0.366,15.34,100,HIGH
TRAFFIC_DELAY,HIGH,51.77,0.0,159,15,-4.95,-0.166,9.83,100,HIGH
TRAFFIC_DELAY,HIGH,55.57,5.0,164,13,-6.07,-0.205,9.96,100,HIGH
TRAFFIC_DELAY,HIGH,48.62,0.0,156,17,-4.95,-0.206,10.21,100,HIGH
TRAFFIC_DELAY,HIGH,49.82,0.0,160,13,-4.75,-0.179,11.13,100,HIGH
TRAFFIC_DELAY,HIGH,58.65,0.0,172,13,-4.91,-0.196,10.31,100,HIGH
TRAFFIC_DELAY,HIGH,51.27,0.0,156,12,-5.86,-0.17,9.86,100,HIGH
TRAFFIC_DELAY,HIGH,56.45,0.0,157,12,-5.66,-0.197,10.11,100,HIGH
TRAFFIC_DELAY,HIGH,65.89,5.0,158,13,-6.02,-0.16,10.1,100,HIGH
TRAFFIC_DELAY,HIGH,65.47,0.0,164,15,-4.89,-0.162,11.12,100,HIGH
TRAFFIC_DELAY,HIGH,47.54,0.0,161,12,-5.95,-0.202,10.57,100,HIGH
TRAFFIC_DELAY,HIGH,49.93,5.0,170,16,-5.89,-0.175,10.97,100,HIGH
TRAFFIC_DELAY,HIGH,65.76,5.0,167,16,-5.49,-0.153,9.72,100,HIGH
TRAFFIC_DELAY,HIGH,40.64,5.0,159,13,-5.3,-0.177,11.14,100,HIGH
TRAFFIC_DELAY,HIGH,40.99,0.0,167,13,-5.71,-0.188,10.91,100,HIGH
TRAFFIC_DELAY,HIGH,55.84,5.0,172,14,-5.54,-0.167,10.5,100,HIGH
TRAFFIC_DELAY,HIGH,53.64,5.0,164,15,-5.79,-0.18,10.48,100,HIGH
TRAFFIC_DELAY,HIGH,45.77,0.0,172,14,-5.43,-0.195,9.63,100,HIGH
TRAFFIC_DELAY,HIGH,53.19,0.0,163,16,-5.11,-0.154,11.04,100,HIGH
TRAFFIC_DELAY,HIGH,66.6,0.0,160,17,-4.64,-0.17,9.86,100,HIGH
TRAFFIC_DELAY,HIGH,53.6,0.0,157,14,-6.02,-0.191,10.47,100,HIGH
TRAFFIC_DELAY,HIGH,47.59,0.0,170,13,-4.93,-0.169,10.07,100,HIGH
TRAFFIC_DELAY,HIGH,36.82,0.0,170,13,-4.99,-0.197,10.85,92,HIGH
TRAFFIC_DELAY,HIGH,54.3,0.0,162,11,-5.52,-0.163,9.67,100,HIGH
TRAFFIC_DELAY,HIGH,34.89,0.0,156,13,-5.12,-0.158,10.48,92,HIGH
TRAFFIC_DELAY,HIGH,44.23,0.0,156,17,-5.86,-0.199,9.96,100,HIGH
TRAFFIC_DELAY,HIGH,40.57,0.0,166,12,-5.36,-0.195,9.9,100,HIGH
TRAFFIC_DELAY,HIGH,35.67,0.0,158,12,-5.18,-0.191,9.78,92,HIGH
TRAFFIC_DELAY,HIGH,55.56,0.0,157,13,-5.79,-0.168,10.26,100,HIGH
TRAFFIC_DELAY,HIGH,34.32,0.0,171,12,-5.21,-0.19,9.65,92,HIGH
TRAFFIC_DELAY,HIGH,43.7,5.0,171,14,-5.66,-0.189,10.0,100,HIGH
TRAFFIC_DELAY,HIGH,50.35,0.0,158,14,-5.69,-0.156,10.46,100,HIGH
TRAFFIC_DELAY,HIGH,36.45,0.0,167,12,-4.6,-0.155,10.92,92,HIGH
TRAFFIC_DELAY,HIGH,44.42,0.0,166,15,-5.81,-0.172,10.3,100,HIGH
TRAFFIC_DELAY,HIGH,34.83,0.0,164,15,-4.59,-0.173,10.55,92,HIGH
TRAFFIC_DELAY,HIGH,53.02,0.0,170,15,-5.5,-0.204,11.06,100,HIGH
TRAFFIC_DELAY,HIGH,48.07,5.0,165,14,-5.14,-0.188,10.29,100,HIGH
TRAFFIC_DELAY,HIGH,54.93,0.0,159,16,-5.56,-0.164,9.99,100,HIGH
TRAFFIC_DELAY,HIGH,42.24,0.0,170,12,-5.61,-0.157,10.07,100,HIGH
TRAFFIC_DELAY,HIGH,34.27,0.0,171,13,-5.31,-0.19,10.11,92,HIGH
TRAFFIC_DELAY,HIGH,34.63,0.0,169,16,-4.97,-0.163,10.75,92,HIGH
VEHICLE_CAPACITY_REDUCTION,HIGH,0.0,50.26,185,89,-26.71,-0.983,52.66,100,HIGH
VEHICLE_CAPACITY_REDUCTION,HIGH,5.0,44.69,184,114,-31.09,-0.846,52.93,100,HIGH
VEHICLE_CAPACITY_REDUCTION,HIGH,0.0,42.69,176,120,-27.92,-0.819,52.95,100,HIGH
VEHICLE_CAPACITY_REDUCTION,HIGH,5.0,54.28,180,123,-29.52,-0.998,49.45,100,HIGH
VEHICLE_CAPACITY_REDUCTION,HIGH,0.0,46.99,192,92,-32.75,-1.041,46.88,100,HIGH
VEHICLE_CAPACITY_REDUCTION,HIGH,0.0,37.86,177,106,-28.37,-1.072,48.7,100,HIGH
VEHICLE_CAPACITY_REDUCTION,HIGH,5.0,49.46,179,118,-32.06,-1.057,49.28,100,HIGH
VEHICLE_CAPACITY_REDUCTION,HIGH,0.0,51.92,182,113,-25.25,-0.84,53.57,100,HIGH
VEHICLE_CAPACITY_REDUCTION,HIGH,0.0,53.0,188,93,-32.41,-0.986,48.69,100,HIGH
VEHICLE_CAPACITY_REDUCTION,HIGH,0.0,51.1,184,106,-28.22,-1.077,46.86,100,HIGH
VEHICLE_CAPACITY_REDUCTION,HIGH,10.0,44.26,188,107,-30.97,-1.037,52.32,100,HIGH
VEHICLE_CAPACITY_REDUCTION,HIGH,0.0,47.53,179,123,-27.8,-0.898,52.67,100,HIGH
VEHICLE_CAPACITY_REDUCTION,HIGH,0.0,37.02,193,124,-24.92,-1.073,50.05,100,HIGH
VEHICLE_CAPACITY_REDUCTION,HIGH,10.0,41.46,180,112,-25.2,-0.864,47.67,100,HIGH
VEHICLE_CAPACITY_REDUCTION,HIGH,0.0,48.35,192,108,-32.36,-0.829,48.16,100,HIGH
VEHICLE_CAPACITY_REDUCTION,HIGH,5.0,38.76,179,97,-26.02,-1.002,48.99,100,HIGH
VEHICLE_CAPACITY_REDUCTION,HIGH,5.0,38.23,180,124,-33.09,-1.017,50.12,100,HIGH
VEHICLE_CAPACITY_REDUCTION,HIGH,5.0,47.89,182,94,-25.7,-0.838,53.22,100,HIGH
VEHICLE_CAPACITY_REDUCTION,HIGH,10.0,48.09,175,101,-32.63,-1.065,46.35,100,HIGH
VEHICLE_CAPACITY_REDUCTION,HIGH,0.0,51.11,182,103,-33.08,-0.925,51.76,100,HIGH
TRAFFIC_DELAY,HIGH,46.58,0.0,160,19,-9.38,-0.312,20.15,100,HIGH
TRAFFIC_DELAY,HIGH,47.29,0.0,171,17,-10.18,-0.36,21.15,100,HIGH
TRAFFIC_DELAY,HIGH,45.14,0.0,169,15,-9.33,-0.284,22.33,100,HIGH
TRAFFIC_DELAY,HIGH,34.57,0.0,167,19,-8.18,-0.298,19.34,95,HIGH
TRAFFIC_DELAY,HIGH,39.52,0.0,173,17,-10.47,-0.325,21.07,95,HIGH
TRAFFIC_DELAY,HIGH,38.07,5.0,172,17,-9.24,-0.347,21.32,100,HIGH
TRAFFIC_DELAY,HIGH,48.06,5.0,166,14,-9.05,-0.329,20.53,100,HIGH
TRAFFIC_DELAY,HIGH,48.08,5.0,167,17,-9.33,-0.359,20.23,100,HIGH
TRAFFIC_DELAY,HIGH,43.95,0.0,166,15,-10.68,-0.319,20.1,100,HIGH
TRAFFIC_DELAY,HIGH,49.6,0.0,168,16,-8.64,-0.328,20.37,100,HIGH
TRAFFIC_DELAY,HIGH,39.2,5.0,164,15,-8.44,-0.334,19.85,100,HIGH
TRAFFIC_DELAY,HIGH,47.94,0.0,172,17,-10.81,-0.33,19.99,100,HIGH
TRAFFIC_DELAY,HIGH,36.9,0.0,162,15,-8.3,-0.284,20.75,95,HIGH
TRAFFIC_DELAY,HIGH,37.29,0.0,170,16,-8.96,-0.281,20.81,95,HIGH
TRAFFIC_DELAY,HIGH,40.23,0.0,171,20,-8.22,-0.299,21.86,100,HIGH
TRAFFIC_DELAY,HIGH,33.69,0.0,168,17,-10.67,-0.295,21.71,95,HIGH
TRAFFIC_DELAY,HIGH,44.41,0.0,167,14,-8.77,-0.34,22.14,100,HIGH
TRAFFIC_DELAY,HIGH,40.64,0.0,171,19,-9.06,-0.31,19.61,100,HIGH
TRAFFIC_DELAY,HIGH,33.65,0.0,174,16,-8.65,-0.303,19.65,95,HIGH
TRAFFIC_DELAY,HIGH,41.87,5.0,171,16,-9.89,-0.318,21.15,100,HIGH
VEHICLE_CAPACITY_REDUCTION,HIGH,0.0,31.8,172,70,-17.2,-0.672,44.39,100,HIGH
VEHICLE_CAPACITY_REDUCTION,HIGH,0.0,37.03,172,77,-16.65,-0.528,41.34,100,HIGH
VEHICLE_CAPACITY_REDUCTION,HIGH,5.0,35.35,168,62,-19.74,-0.52,45.97,100,HIGH
VEHICLE_CAPACITY_REDUCTION,HIGH,10.0,36.98,182,63,-17.53,-0.685,46.13,100,HIGH
VEHICLE_CAPACITY_REDUCTION,HIGH,0.0,30.89,176,81,-19.82,-0.639,43.91,100,HIGH
VEHICLE_CAPACITY_REDUCTION,HIGH,10.0,34.34,171,65,-17.12,-0.587,43.72,100,HIGH
VEHICLE_CAPACITY_REDUCTION,HIGH,0.0,32.37,177,68,-18.52,-0.538,43.54,100,HIGH
VEHICLE_CAPACITY_REDUCTION,HIGH,0.0,29.38,179,73,-18.34,-0.609,41.67,100,HIGH
VEHICLE_CAPACITY_REDUCTION,HIGH,5.0,27.96,174,79,-19.49,-0.617,43.48,100,HIGH
VEHICLE_CAPACITY_REDUCTION,HIGH,0.0,35.35,171,81,-17.58,-0.678,46.97,100,HIGH
VEHICLE_CAPACITY_REDUCTION,HIGH,0.0,25.62,181,81,-18.48,-0.662,41.25,100,HIGH
VEHICLE_CAPACITY_REDUCTION,HIGH,5.0,26.83,174,64,-19.79,-0.63,43.83,100,HIGH
VEHICLE_CAPACITY_REDUCTION,HIGH,10.0,32.1,178,79,-17.82,-0.638,46.36,100,HIGH
VEHICLE_CAPACITY_REDUCTION,HIGH,0.0,34.07,177,74,-16.63,-0.672,42.89,100,HIGH
VEHICLE_CAPACITY_REDUCTION,HIGH,0.0,31.53,170,72,-17.17,-0.641,44.97,100,HIGH
VEHICLE_CAPACITY_REDUCTION,HIGH,10.0,30.94,180,81,-18.48,-0.69,45.37,100,HIGH
VEHICLE_CAPACITY_REDUCTION,HIGH,0.0,34.02,173,60,-18.46,-0.647,46.2,100,HIGH
VEHICLE_CAPACITY_REDUCTION,HIGH,10.0,26.17,170,84,-16.06,-0.582,45.67,100,HIGH
VEHICLE_CAPACITY_REDUCTION,HIGH,5.0,33.76,172,81,-18.85,-0.635,43.96,100,HIGH
VEHICLE_CAPACITY_REDUCTION,HIGH,10.0,35.05,172,88,-17.23,-0.551,43.16,100,HIGH
VEHICLE_CAPACITY_REDUCTION,HIGH,0.0,35.31,165,73,-13.72,-0.475,36.32,100,HIGH
VEHICLE_CAPACITY_REDUCTION,HIGH,5.0,34.48,163,83,-14.89,-0.394,40.14,100,HIGH
VEHICLE_CAPACITY_REDUCTION,HIGH,0.0,33.93,153,59,-12.07,-0.507,41.7,100,HIGH
VEHICLE_CAPACITY_REDUCTION,HIGH,10.0,48.95,159,81,-12.16,-0.518,41.46,100,HIGH
VEHICLE_CAPACITY_REDUCTION,HIGH,10.0,39.02,153,78,-12.49,-0.5,39.85,100,HIGH
VEHICLE_CAPACITY_REDUCTION,HIGH,5.0,41.61,158,83,-13.07,-0.439,40.66,100,HIGH
VEHICLE_CAPACITY_REDUCTION,HIGH,0.0,33.34,152,83,-12.67,-0.471,37.21,100,HIGH
VEHICLE_CAPACITY_REDUCTION,HIGH,0.0,38.74,154,73,-14.24,-0.393,40.21,100,HIGH
VEHICLE_CAPACITY_REDUCTION,HIGH,5.0,40.33,156,73,-15.18,-0.465,37.32,100,HIGH
VEHICLE_CAPACITY_REDUCTION,HIGH,10.0,39.32,161,69,-14.93,-0.439,39.03,100,HIGH
VEHICLE_CAPACITY_REDUCTION,HIGH,10.0,40.54,159,73,-11.92,-0.498,38.94,100,HIGH
VEHICLE_CAPACITY_REDUCTION,HIGH,5.0,40.69,152,71,-14.79,-0.405,38.22,100,HIGH
VEHICLE_CAPACITY_REDUCTION,HIGH,0.0,38.92,154,64,-14.29,-0.447,36.36,100,HIGH
VEHICLE_CAPACITY_REDUCTION,HIGH,0.0,47.02,159,68,-13.91,-0.426,37.39,100,HIGH
VEHICLE_CAPACITY_REDUCTION,HIGH,0.0,45.92,155,62,-14.33,-0.424,36.81,100,HIGH
VEHICLE_CAPACITY_REDUCTION,HIGH,0.0,48.59,152,84,-12.22,-0.447,38.16,100,HIGH
VEHICLE_CAPACITY_REDUCTION,HIGH,0.0,34.2,158,63,-11.75,-0.416,39.73,100,HIGH
VEHICLE_CAPACITY_REDUCTION,HIGH,0.0,47.73,152,75,-13.03,-0.505,38.4,100,HIGH
VEHICLE_CAPACITY_REDUCTION,HIGH,5.0,43.04,166,68,-13.91,-0.451,37.98,100,HIGH
VEHICLE_CAPACITY_REDUCTION,HIGH,5.0,35.1,158,81,-13.65,-0.514,41.03,100,HIGH
VEHICLE_CAPACITY_REDUCTION,HIGH,0.0,49.24,140,69,-14.21,-0.437,26.89,100,HIGH
VEHICLE_CAPACITY_REDUCTION,HIGH,5.0,41.79,138,73,-14.18,-0.475,29.5,100,HIGH
VEHICLE_CAPACITY_REDUCTION,HIGH,0.0,50.5,134,57,-13.63,-0.47,29.54,100,HIGH
VEHICLE_CAPACITY_REDUCTION,HIGH,0.0,41.94,140,57,-12.47,-0.481,27.03,100,HIGH
VEHICLE_CAPACITY_REDUCTION,HIGH,10.0,42.64,132,73,-13.08,-0.434,28.19,100,HIGH
VEHICLE_CAPACITY_REDUCTION,HIGH,5.0,57.99,143,55,-11.76,-0.487,26.24,100,HIGH
VEHICLE_CAPACITY_REDUCTION,HIGH,0.0,46.17,140,69,-12.59,-0.459,28.01,100,HIGH
VEHICLE_CAPACITY_REDUCTION,HIGH,10.0,48.68,143,57,-13.57,-0.404,29.59,100,HIGH
VEHICLE_CAPACITY_REDUCTION,HIGH,0.0,50.9,141,59,-14.5,-0.397,26.27,100,HIGH
VEHICLE_CAPACITY_REDUCTION,HIGH,0.0,53.02,131,65,-13.25,-0.393,26.28,100,HIGH
VEHICLE_CAPACITY_REDUCTION,HIGH,0.0,44.53,133,65,-12.85,-0.395,29.91,100,HIGH
VEHICLE_CAPACITY_REDUCTION,HIGH,0.0,52.73,140,64,-11.75,-0.512,29.23,100,HIGH
VEHICLE_CAPACITY_REDUCTION,HIGH,0.0,52.11,134,68,-14.81,-0.416,28.06,100,HIGH
VEHICLE_CAPACITY_REDUCTION,HIGH,0.0,40.21,139,67,-11.58,-0.462,30.27,100,HIGH
VEHICLE_CAPACITY_REDUCTION,HIGH,0.0,45.33,137,53,-14.34,-0.409,26.45,100,HIGH
VEHICLE_CAPACITY_REDUCTION,HIGH,10.0,48.49,132,72,-14.8,-0.426,29.53,100,HIGH
VEHICLE_CAPACITY_REDUCTION,HIGH,0.0,50.19,137,63,-14.96,-0.454,27.85,100,HIGH
VEHICLE_CAPACITY_REDUCTION,HIGH,0.0,49.75,143,67,-14.37,-0.453,27.79,100,HIGH
VEHICLE_CAPACITY_REDUCTION,HIGH,0.0,39.68,144,72,-11.48,-0.501,28.23,100,HIGH
VEHICLE_CAPACITY_REDUCTION,HIGH,0.0,40.57,138,51,-11.61,-0.394,26.11,100,HIGH
VEHICLE_CAPACITY_REDUCTION,HIGH,5.0,29.84,168,69,-12.78,-0.43,35.95,100,HIGH
VEHICLE_CAPACITY_REDUCTION,HIGH,0.0,24.67,169,57,-14.49,-0.468,35.16,100,HIGH
VEHICLE_CAPACITY_REDUCTION,HIGH,10.0,29.88,181,60,-12.65,-0.464,33.18,100,HIGH
VEHICLE_CAPACITY_REDUCTION,HIGH,10.0,22.59,180,64,-15.0,-0.491,35.22,100,HIGH
VEHICLE_CAPACITY_REDUCTION,HIGH,0.0,21.67,175,74,-12.05,-0.498,35.48,100,HIGH
VEHICLE_CAPACITY_REDUCTION,HIGH,10.0,21.2,179,51,-12.64,-0.379,37.12,100,HIGH
VEHICLE_CAPACITY_REDUCTION,HIGH,10.0,20.58,167,74,-14.61,-0.496,37.32,100,HIGH
VEHICLE_CAPACITY_REDUCTION,HIGH,0.0,25.15,175,62,-15.05,-0.492,34.49,100,HIGH
VEHICLE_CAPACITY_REDUCTION,HIGH,10.0,25.37,169,64,-13.41,-0.386,36.69,100,HIGH
VEHICLE_CAPACITY_REDUCTION,HIGH,5.0,24.77,180,51,-14.48,-0.379,33.77,100,HIGH
VEHICLE_CAPACITY_REDUCTION,HIGH,0.0,20.87,173,60,-12.6,-0.408,35.87,100,HIGH
VEHICLE_CAPACITY_REDUCTION,HIGH,10.0,22.2,173,67,-11.43,-0.486,34.65,100,HIGH
VEHICLE_CAPACITY_REDUCTION,HIGH,10.0,29.07,177,64,-13.74,-0.446,36.63,100,HIGH
VEHICLE_CAPACITY_REDUCTION,HIGH,0.0,28.68,168,56,-11.75,-0.395,33.8,100,HIGH
VEHICLE_CAPACITY_REDUCTION,HIGH,10.0,26.8,179,65,-14.09,-0.395,36.71,100,HIGH
VEHICLE_CAPACITY_REDUCTION,HIGH,0.0,28.79,164,50,-14.36,-0.404,36.86,100,HIGH
VEHICLE_CAPACITY_REDUCTION,HIGH,0.0,28.32,181,62,-11.16,-0.412,35.3,100,HIGH
VEHICLE_CAPACITY_REDUCTION,HIGH,0.0,21.16,169,59,-11.17,-0.482,32.7,100,HIGH
VEHICLE_CAPACITY_REDUCTION,HIGH,0.0,24.32,178,70,-12.68,-0.398,36.03,100,HIGH
VEHICLE_CAPACITY_REDUCTION,HIGH,5.0,26.88,174,51,-12.32,-0.467,32.37,100,HIGH
VEHICLE_CAPACITY_REDUCTION,HIGH,0.0,35.4,144,50,-20.94,-0.723,45.23,100,HIGH
VEHICLE_CAPACITY_REDUCTION,HIGH,0.0,36.64,145,66,-16.24,-0.54,42.85,100,HIGH
VEHICLE_CAPACITY_REDUCTION,HIGH,0.0,38.74,139,48,-17.0,-0.624,47.05,100,HIGH
VEHICLE_CAPACITY_REDUCTION,HIGH,0.0,37.21,148,67,-20.04,-0.577,41.21,100,HIGH
VEHICLE_CAPACITY_REDUCTION,HIGH,0.0,39.1,144,71,-16.96,-0.617,47.05,100,HIGH
VEHICLE_CAPACITY_REDUCTION,HIGH,0.0,50.99,148,66,-18.61,-0.594,42.83,100,HIGH
VEHICLE_CAPACITY_REDUCTION,HIGH,0.0,38.07,145,49,-19.8,-0.605,46.51,100,HIGH
VEHICLE_CAPACITY_REDUCTION,HIGH,5.0,37.59,149,69,-20.51,-0.681,46.38,100,HIGH
VEHICLE_CAPACITY_REDUCTION,HIGH,0.0,48.1,144,55,-21.28,-0.718,41.91,100,HIGH
VEHICLE_CAPACITY_REDUCTION,HIGH,0.0,44.85,147,54,-19.27,-0.578,41.74,100,HIGH
VEHICLE_CAPACITY_REDUCTION,HIGH,10.0,39.03,139,67,-17.86,-0.622,40.73,100,HIGH
VEHICLE_CAPACITY_REDUCTION,HIGH,0.0,42.65,149,62,-17.76,-0.667,46.48,100,HIGH
VEHICLE_CAPACITY_REDUCTION,HIGH,0.0,42.66,145,51,-17.47,-0.722,41.62,100,HIGH
VEHICLE_CAPACITY_REDUCTION,HIGH,5.0,46.48,139,61,-16.15,-0.597,44.16,100,HIGH
VEHICLE_CAPACITY_REDUCTION,HIGH,10.0,35.82,141,68,-18.13,-0.596,47.28,100,HIGH
VEHICLE_CAPACITY_REDUCTION,HIGH,0.0,48.17,148,53,-17.05,-0.555,44.97,100,HIGH
VEHICLE_CAPACITY_REDUCTION,HIGH,0.0,50.5,148,49,-19.17,-0.67,46.55,100,HIGH
VEHICLE_CAPACITY_REDUCTION,HIGH,5.0,40.24,150,68,-16.55,-0.705,44.36,100,HIGH
VEHICLE_CAPACITY_REDUCTION,HIGH,0.0,42.67,146,49,-17.03,-0.618,45.56,100,HIGH
VEHICLE_CAPACITY_REDUCTION,HIGH,5.0,37.14,140,69,-17.34,-0.72,42.94,100,HIGH
ROAD_CLOSURE,HIGH,10.0,0.0,187,33,-11.13,-0.351,23.57,100,HIGH
ROAD_CLOSURE,HIGH,0.0,0.0,181,42,-11.27,-0.432,21.51,96,HIGH
ROAD_CLOSURE,HIGH,0.0,0.0,189,39,-13.76,-0.438,23.89,96,HIGH
ROAD_CLOSURE,HIGH,5.0,5.0,191,38,-14.2,-0.353,24.33,100,HIGH
ROAD_CLOSURE,HIGH,5.0,0.0,189,44,-12.34,-0.456,24.45,96,HIGH
ROAD_CLOSURE,HIGH,0.0,0.0,192,41,-13.92,-0.374,23.47,96,HIGH
ROAD_CLOSURE,HIGH,0.0,0.0,188,44,-12.04,-0.423,23.5,96,HIGH
ROAD_CLOSURE,HIGH,0.0,0.0,188,39,-10.79,-0.402,21.6,96,HIGH
ROAD_CLOSURE,HIGH,0.0,5.0,185,41,-11.14,-0.397,24.69,100,HIGH
ROAD_CLOSURE,HIGH,10.0,0.0,189,37,-13.41,-0.365,24.69,100,HIGH
ROAD_CLOSURE,HIGH,0.0,0.0,196,33,-11.16,-0.412,22.45,96,HIGH
ROAD_CLOSURE,HIGH,0.0,0.0,184,36,-12.83,-0.435,21.85,96,HIGH
ROAD_CLOSURE,HIGH,0.0,0.0,196,44,-13.0,-0.407,24.25,96,HIGH
ROAD_CLOSURE,HIGH,5.0,0.0,182,46,-11.3,-0.362,22.21,96,HIGH
ROAD_CLOSURE,HIGH,10.0,5.0,182,33,-12.91,-0.376,21.9,100,HIGH
ROAD_CLOSURE,HIGH,0.0,0.0,194,41,-13.09,-0.397,22.96,96,HIGH
ROAD_CLOSURE,HIGH,0.0,0.0,190,42,-13.76,-0.404,23.08,96,HIGH
ROAD_CLOSURE,HIGH,5.0,0.0,184,34,-10.64,-0.386,23.75,96,HIGH
ROAD_CLOSURE,HIGH,0.0,0.0,184,34,-13.03,-0.403,24.33,96,HIGH
ROAD_CLOSURE,HIGH,0.0,0.0,192,45,-14.04,-0.433,23.02,96,HIGH
TRAFFIC_DELAY,HIGH,46.19,5.0,156,6,-10.76,-0.446,15.67,100,HIGH
TRAFFIC_DELAY,HIGH,47.6,0.0,162,5,-12.72,-0.362,15.08,96,HIGH
TRAFFIC_DELAY,HIGH,30.19,0.0,151,6,-13.97,-0.441,13.79,88,HIGH
TRAFFIC_DELAY,HIGH,31.38,0.0,158,5,-11.54,-0.431,15.42,88,HIGH
TRAFFIC_DELAY,HIGH,44.81,0.0,151,6,-11.72,-0.385,15.06,96,HIGH
TRAFFIC_DELAY,HIGH,41.54,0.0,150,5,-12.88,-0.396,14.61,96,HIGH
TRAFFIC_DELAY,HIGH,36.53,5.0,158,4,-12.49,-0.369,15.05,88,HIGH
TRAFFIC_DELAY,HIGH,39.01,0.0,152,6,-12.24,-0.407,13.65,88,HIGH
TRAFFIC_DELAY,HIGH,36.66,0.0,155,5,-11.24,-0.407,14.48,88,HIGH
TRAFFIC_DELAY,HIGH,43.81,5.0,156,6,-10.41,-0.373,13.61,100,HIGH
TRAFFIC_DELAY,HIGH,46.76,0.0,149,5,-11.73,-0.373,14.68,93,HIGH
TRAFFIC_DELAY,HIGH,32.49,5.0,155,5,-11.38,-0.386,15.41,93,HIGH
TRAFFIC_DELAY,HIGH,35.32,5.0,154,5,-11.8,-0.469,15.45,93,HIGH
TRAFFIC_DELAY,HIGH,31.65,5.0,155,4,-12.26,-0.436,13.83,88,HIGH
TRAFFIC_DELAY,HIGH,34.25,5.0,154,5,-10.66,-0.449,14.44,93,HIGH
TRAFFIC_DELAY,HIGH,31.44,0.0,150,5,-13.34,-0.457,14.11,88,HIGH
TRAFFIC_DELAY,HIGH,41.16,0.0,150,5,-13.65,-0.443,14.85,96,HIGH
TRAFFIC_DELAY,HIGH,35.14,5.0,156,6,-11.89,-0.431,13.81,93,HIGH
TRAFFIC_DELAY,HIGH,38.06,0.0,155,4,-11.2,-0.455,14.66,83,HIGH
TRAFFIC_DELAY,HIGH,32.73,0.0,152,5,-12.56,-0.416,14.12,88,HIGH
TRAFFIC_DELAY,HIGH,60.74,0.0,137,0,-1.16,-0.027,2.19,82,HIGH
TRAFFIC_DELAY,HIGH,55.92,0.0,133,0,-1.07,-0.034,2.0,82,HIGH
TRAFFIC_DELAY,HIGH,64.51,0.0,143,1,-0.94,-0.026,1.99,85,HIGH
TRAFFIC_DELAY,HIGH,49.06,5.0,138,0,-0.93,-0.029,1.98,87,HIGH
TRAFFIC_DELAY,HIGH,45.46,0.0,140,1,-0.93,-0.03,2.25,85,HIGH
TRAFFIC_DELAY,HIGH,58.96,0.0,140,0,-0.96,-0.032,2.29,82,HIGH
TRAFFIC_DELAY,HIGH,59.68,0.0,144,0,-1.0,-0.026,2.15,82,HIGH
TRAFFIC_DELAY,HIGH,48.58,0.0,137,0,-0.92,-0.03,1.99,82,HIGH
TRAFFIC_DELAY,HIGH,65.43,0.0,134,1,-1.06,-0.033,2.27,85,HIGH
TRAFFIC_DELAY,HIGH,55.08,5.0,143,0,-1.16,-0.034,2.14,87,HIGH
TRAFFIC_DELAY,HIGH,58.61,0.0,142,0,-0.89,-0.032,2.0,82,HIGH
TRAFFIC_DELAY,HIGH,66.18,0.0,136,0,-0.87,-0.028,2.05,82,HIGH
TRAFFIC_DELAY,HIGH,46.04,0.0,137,0,-1.03,-0.028,2.09,82,HIGH
TRAFFIC_DELAY,HIGH,60.92,0.0,143,0,-1.14,-0.03,2.29,82,HIGH
TRAFFIC_DELAY,HIGH,49.55,0.0,143,0,-0.89,-0.033,2.09,82,HIGH
TRAFFIC_DELAY,HIGH,68.67,0.0,137,0,-1.1,-0.028,1.99,82,HIGH
TRAFFIC_DELAY,HIGH,48.53,0.0,142,0,-0.96,-0.034,2.17,82,HIGH
TRAFFIC_DELAY,HIGH,47.34,0.0,142,0,-1.14,-0.03,2.16,82,HIGH
TRAFFIC_DELAY,HIGH,48.57,0.0,132,0,-0.98,-0.027,2.08,82,HIGH
TRAFFIC_DELAY,HIGH,44.25,0.0,137,0,-1.15,-0.03,2.28,82,HIGH
TRAFFIC_DELAY,HIGH,52.54,0.0,78,1,-0.56,-0.018,2.24,83,HIGH
TRAFFIC_DELAY,HIGH,61.47,5.0,80,0,-0.51,-0.017,2.29,85,HIGH
TRAFFIC_DELAY,HIGH,45.19,0.0,78,0,-0.49,-0.021,2.36,80,HIGH
TRAFFIC_DELAY,HIGH,47.63,0.0,76,1,-0.54,-0.018,2.26,83,HIGH
TRAFFIC_DELAY,HIGH,58.27,0.0,81,1,-0.62,-0.021,2.13,83,HIGH
TRAFFIC_DELAY,HIGH,58.78,0.0,78,0,-0.51,-0.022,2.18,80,HIGH
TRAFFIC_DELAY,HIGH,54.17,5.0,76,0,-0.63,-0.021,2.28,85,HIGH
TRAFFIC_DELAY,HIGH,55.57,0.0,77,0,-0.49,-0.019,2.28,80,HIGH
TRAFFIC_DELAY,HIGH,59.02,0.0,82,0,-0.49,-0.018,2.35,80,HIGH
TRAFFIC_DELAY,HIGH,71.33,5.0,83,0,-0.5,-0.02,2.18,85,HIGH
TRAFFIC_DELAY,HIGH,46.34,0.0,80,0,-0.51,-0.019,2.27,80,HIGH
TRAFFIC_DELAY,HIGH,54.4,5.0,84,0,-0.56,-0.022,2.33,85,HIGH
TRAFFIC_DELAY,HIGH,66.32,0.0,83,0,-0.6,-0.02,2.11,80,HIGH
TRAFFIC_DELAY,HIGH,44.61,5.0,83,1,-0.56,-0.021,2.25,88,HIGH
TRAFFIC_DELAY,HIGH,61.96,0.0,82,0,-0.5,-0.02,2.08,80,HIGH
TRAFFIC_DELAY,HIGH,58.35,0.0,77,1,-0.49,-0.018,2.27,83,HIGH
TRAFFIC_DELAY,HIGH,45.57,5.0,78,0,-0.65,-0.021,2.14,85,HIGH
TRAFFIC_DELAY,HIGH,53.64,0.0,77,0,-0.6,-0.018,2.08,80,HIGH
TRAFFIC_DELAY,HIGH,62.65,5.0,84,1,-0.53,-0.017,2.05,88,HIGH
TRAFFIC_DELAY,HIGH,52.07,5.0,77,1,-0.59,-0.019,2.09,88,HIGH
ROAD_CLOSURE,HIGH,5.0,0.0,158,9,-10.76,-0.318,32.14,86,HIGH
ROAD_CLOSURE,HIGH,5.0,5.0,161,11,-8.36,-0.319,32.25,98,HIGH
ROAD_CLOSURE,HIGH,5.0,0.0,159,9,-9.0,-0.361,29.01,86,HIGH
ROAD_CLOSURE,HIGH,0.0,0.0,155,11,-9.78,-0.363,29.08,93,HIGH
ROAD_CLOSURE,HIGH,0.0,0.0,167,9,-10.86,-0.336,29.44,86,HIGH
ROAD_CLOSURE,HIGH,5.0,0.0,165,11,-9.85,-0.293,32.52,93,HIGH
ROAD_CLOSURE,HIGH,5.0,5.0,154,10,-9.59,-0.367,32.33,98,HIGH
ROAD_CLOSURE,HIGH,0.0,0.0,161,9,-10.1,-0.351,28.96,86,HIGH
ROAD_CLOSURE,HIGH,5.0,0.0,155,11,-10.19,-0.343,30.81,93,HIGH
ROAD_CLOSURE,HIGH,10.0,0.0,160,13,-9.85,-0.345,28.71,99,HIGH
ROAD_CLOSURE,HIGH,0.0,5.0,166,12,-10.86,-0.282,29.83,98,HIGH
ROAD_CLOSURE,HIGH,0.0,0.0,159,11,-10.12,-0.331,28.84,93,HIGH
ROAD_CLOSURE,HIGH,10.0,0.0,165,11,-8.06,-0.345,28.13,99,HIGH
ROAD_CLOSURE,HIGH,0.0,0.0,161,12,-9.97,-0.345,31.89,93,HIGH
ROAD_CLOSURE,HIGH,0.0,0.0,156,9,-9.13,-0.334,31.6,86,HIGH
ROAD_CLOSURE,HIGH,0.0,0.0,156,12,-8.05,-0.289,28.1,93,HIGH
ROAD_CLOSURE,HIGH,5.0,0.0,165,11,-9.18,-0.356,30.34,93,HIGH
ROAD_CLOSURE,HIGH,10.0,5.0,163,10,-10.04,-0.277,30.23,100,HIGH
ROAD_CLOSURE,HIGH,0.0,0.0,164,9,-8.96,-0.333,28.66,86,HIGH
ROAD_CLOSURE,HIGH,5.0,0.0,159,13,-8.64,-0.351,30.39,93,HIGH
TRAFFIC_DELAY,MEDIUM,21.09,0.0,165,11,-15.24,-0.531,24.53,85,HIGH
TRAFFIC_DELAY,MEDIUM,32.48,5.0,156,10,-15.69,-0.604,24.15,90,HIGH
TRAFFIC_DELAY,MEDIUM,28.42,0.0,156,12,-16.78,-0.593,24.49,85,HIGH
TRAFFIC_DELAY,MEDIUM,24.21,0.0,164,10,-18.43,-0.595,24.48,85,HIGH
TRAFFIC_DELAY,MEDIUM,31.59,0.0,167,13,-16.13,-0.568,25.55,85,HIGH
TRAFFIC_DELAY,MEDIUM,21.92,0.0,154,11,-19.67,-0.616,24.65,85,HIGH
TRAFFIC_DELAY,MEDIUM,31.25,0.0,163,11,-18.59,-0.626,22.89,85,HIGH
TRAFFIC_DELAY,MEDIUM,21.26,0.0,154,13,-17.24,-0.495,23.35,80,HIGH
TRAFFIC_DELAY,MEDIUM,19.97,0.0,165,10,-19.51,-0.536,23.31,79,HIGH
TRAFFIC_DELAY,MEDIUM,25.35,0.0,163,10,-15.6,-0.641,22.47,85,HIGH
TRAFFIC_DELAY,MEDIUM,26.81,0.0,153,11,-16.93,-0.553,25.65,85,HIGH
TRAFFIC_DELAY,MEDIUM,28.13,5.0,166,9,-19.38,-0.561,25.38,83,HIGH
TRAFFIC_DELAY,MEDIUM,27.62,0.0,162,13,-16.12,-0.607,23.04,85,HIGH
TRAFFIC_DELAY,MEDIUM,25.53,0.0,165,13,-19.83,-0.525,22.38,85,HIGH
TRAFFIC_DELAY,MEDIUM,24.93,0.0,167,13,-17.71,-0.584,22.73,85,HIGH
TRAFFIC_DELAY,MEDIUM,28.9,0.0,167,12,-17.64,-0.6,23.14,85,HIGH
TRAFFIC_DELAY,MEDIUM,25.07,0.0,160,13,-19.22,-0.609,24.02,85,HIGH
TRAFFIC_DELAY,MEDIUM,27.96,0.0,169,10,-18.89,-0.512,23.63,85,HIGH
TRAFFIC_DELAY,MEDIUM,29.82,0.0,165,10,-16.13,-0.522,23.53,85,HIGH
TRAFFIC_DELAY,MEDIUM,26.25,5.0,168,9,-18.22,-0.521,23.25,83,HIGH
TRAFFIC_DELAY,HIGH,44.29,5.0,104,0,-0.4,-0.01,0.88,85,HIGH
TRAFFIC_DELAY,HIGH,38.32,0.0,105,1,-0.42,-0.01,0.93,75,HIGH
TRAFFIC_DELAY,HIGH,34.26,0.0,104,0,-0.35,-0.009,0.88,72,HIGH
TRAFFIC_DELAY,HIGH,48.54,0.0,110,0,-0.37,-0.01,0.89,80,HIGH
TRAFFIC_DELAY,HIGH,43.43,5.0,105,1,-0.4,-0.009,0.95,88,HIGH
TRAFFIC_DELAY,HIGH,51.54,0.0,105,1,-0.39,-0.01,0.87,83,HIGH
TRAFFIC_DELAY,HIGH,48.0,5.0,110,0,-0.37,-0.011,1.0,85,HIGH
TRAFFIC_DELAY,HIGH,34.78,0.0,102,0,-0.37,-0.011,0.93,72,HIGH
TRAFFIC_DELAY,HIGH,47.84,0.0,102,1,-0.45,-0.011,0.96,83,HIGH
TRAFFIC_DELAY,HIGH,47.02,0.0,105,0,-0.33,-0.011,0.89,80,HIGH
TRAFFIC_DELAY,HIGH,53.18,5.0,109,0,-0.37,-0.011,0.88,85,HIGH
TRAFFIC_DELAY,HIGH,53.49,0.0,109,0,-0.41,-0.009,0.9,80,HIGH
TRAFFIC_DELAY,HIGH,51.17,0.0,108,0,-0.36,-0.009,0.88,80,HIGH
TRAFFIC_DELAY,HIGH,41.28,0.0,105,0,-0.42,-0.009,0.95,80,HIGH
TRAFFIC_DELAY,HIGH,44.66,0.0,101,0,-0.43,-0.011,0.9,80,HIGH
TRAFFIC_DELAY,HIGH,48.14,0.0,102,0,-0.37,-0.009,0.96,80,HIGH
TRAFFIC_DELAY,HIGH,46.34,0.0,110,1,-0.34,-0.009,0.91,83,HIGH
TRAFFIC_DELAY,HIGH,36.88,0.0,109,0,-0.34,-0.011,0.92,72,HIGH
TRAFFIC_DELAY,HIGH,51.68,0.0,108,0,-0.43,-0.009,0.99,80,HIGH
TRAFFIC_DELAY,HIGH,51.05,0.0,103,0,-0.35,-0.01,0.92,80,HIGH
ROAD_CLOSURE,MEDIUM,10.0,5.0,188,41,-13.03,-0.491,38.55,92,HIGH
ROAD_CLOSURE,MEDIUM,0.0,0.0,203,44,-14.82,-0.422,41.12,81,HIGH
ROAD_CLOSURE,MEDIUM,0.0,5.0,205,39,-15.24,-0.481,37.52,86,HIGH
ROAD_CLOSURE,MEDIUM,5.0,0.0,190,55,-11.82,-0.477,38.92,81,HIGH
ROAD_CLOSURE,MEDIUM,0.0,5.0,193,49,-12.51,-0.494,36.14,86,HIGH
ROAD_CLOSURE,MEDIUM,0.0,5.0,195,40,-14.89,-0.501,37.67,91,HIGH
ROAD_CLOSURE,MEDIUM,10.0,0.0,205,54,-11.51,-0.461,41.63,87,HIGH
ROAD_CLOSURE,MEDIUM,10.0,0.0,198,43,-12.26,-0.448,40.09,87,HIGH
ROAD_CLOSURE,MEDIUM,0.0,5.0,202,55,-11.63,-0.512,35.85,91,HIGH
ROAD_CLOSURE,MEDIUM,5.0,0.0,197,47,-14.48,-0.464,41.01,81,HIGH
ROAD_CLOSURE,MEDIUM,10.0,0.0,191,47,-14.54,-0.469,39.73,87,HIGH
ROAD_CLOSURE,MEDIUM,5.0,0.0,197,54,-15.27,-0.418,37.32,81,HIGH
ROAD_CLOSURE,MEDIUM,0.0,0.0,189,44,-13.01,-0.503,35.72,86,HIGH
ROAD_CLOSURE,MEDIUM,0.0,0.0,198,41,-12.48,-0.514,37.67,86,HIGH
ROAD_CLOSURE,MEDIUM,0.0,5.0,188,44,-12.2,-0.452,35.74,86,HIGH
ROAD_CLOSURE,MEDIUM,0.0,5.0,198,40,-12.73,-0.491,39.11,86,HIGH
ROAD_CLOSURE,MEDIUM,0.0,0.0,190,56,-12.97,-0.394,39.37,81,HIGH
ROAD_CLOSURE,MEDIUM,0.0,0.0,208,48,-14.88,-0.449,39.88,81,HIGH
ROAD_CLOSURE,MEDIUM,10.0,0.0,206,44,-12.96,-0.439,38.15,87,HIGH
ROAD_CLOSURE,MEDIUM,10.0,0.0,204,50,-12.61,-0.494,41.39,87,HIGH
ROAD_CLOSURE,MEDIUM,0.0,0.0,205,38,-14.25,-0.494,35.94,81,HIGH
ROAD_CLOSURE,MEDIUM,0.0,0.0,200,51,-14.59,-0.472,36.24,81,HIGH
ROAD_CLOSURE,MEDIUM,5.0,0.0,201,40,-11.69,-0.43,41.3,81,HIGH
ROAD_CLOSURE,MEDIUM,0.0,0.0,206,45,-13.76,-0.384,39.48,81,HIGH
ROAD_CLOSURE,MEDIUM,0.0,0.0,189,55,-14.28,-0.399,41.06,81,HIGH
ROAD_CLOSURE,MEDIUM,0.0,0.0,196,52,-13.51,-0.443,36.2,81,HIGH
ROAD_CLOSURE,MEDIUM,10.0,0.0,189,54,-12.24,-0.445,40.55,87,HIGH
ROAD_CLOSURE,MEDIUM,10.0,0.0,205,55,-12.99,-0.393,38.92,87,HIGH
ROAD_CLOSURE,MEDIUM,5.0,5.0,197,54,-14.67,-0.498,41.15,86,HIGH
ROAD_CLOSURE,MEDIUM,0.0,5.0,199,39,-12.86,-0.386,38.03,86,HIGH
ROAD_CLOSURE,MEDIUM,0.0,5.0,207,42,-13.97,-0.389,40.23,86,HIGH
ROAD_CLOSURE,MEDIUM,0.0,0.0,204,48,-12.89,-0.383,37.99,81,HIGH
ROAD_CLOSURE,MEDIUM,0.0,0.0,200,40,-14.77,-0.454,40.7,81,HIGH
ROAD_CLOSURE,MEDIUM,0.0,0.0,198,52,-11.94,-0.448,35.86,81,HIGH
ROAD_CLOSURE,MEDIUM,0.0,0.0,191,46,-11.53,-0.387,38.0,81,HIGH
ROAD_CLOSURE,MEDIUM,0.0,0.0,190,53,-13.21,-0.422,41.05,81,HIGH
ROAD_CLOSURE,MEDIUM,0.0,5.0,208,44,-14.94,-0.464,40.61,86,HIGH
ROAD_CLOSURE,MEDIUM,10.0,0.0,199,57,-12.94,-0.435,37.72,87,HIGH
ROAD_CLOSURE,MEDIUM,10.0,0.0,197,49,-13.55,-0.485,40.65,87,HIGH
ROAD_CLOSURE,MEDIUM,0.0,0.0,193,43,-12.15,-0.39,37.73,81,HIGH
ROAD_CLOSURE,HIGH,5.0,0.0,154,5,-9.57,-0.338,19.05,86,HIGH
ROAD_CLOSURE,HIGH,0.0,0.0,152,4,-10.88,-0.353,19.55,81,HIGH
ROAD_CLOSURE,HIGH,0.0,0.0,156,4,-9.71,-0.284,20.1,81,HIGH
ROAD_CLOSURE,HIGH,0.0,0.0,161,6,-11.26,-0.352,20.28,86,HIGH
ROAD_CLOSURE,HIGH,10.0,0.0,161,6,-8.9,-0.359,19.48,92,HIGH
ROAD_CLOSURE,HIGH,5.0,0.0,161,4,-9.92,-0.378,20.12,81,HIGH
ROAD_CLOSURE,HIGH,0.0,5.0,155,5,-9.14,-0.356,19.82,91,HIGH
ROAD_CLOSURE,HIGH,0.0,0.0,160,5,-11.13,-0.378,19.89,86,HIGH
ROAD_CLOSURE,HIGH,5.0,0.0,154,6,-9.13,-0.291,21.27,86,HIGH
ROAD_CLOSURE,HIGH,0.0,0.0,155,6,-8.71,-0.368,20.01,86,HIGH
ROAD_CLOSURE,HIGH,10.0,0.0,161,5,-10.82,-0.372,18.72,92,HIGH
ROAD_CLOSURE,HIGH,0.0,0.0,159,5,-10.46,-0.362,19.66,86,HIGH
ROAD_CLOSURE,HIGH,0.0,0.0,152,4,-11.53,-0.348,21.19,81,HIGH
ROAD_CLOSURE,HIGH,0.0,0.0,162,5,-10.43,-0.287,18.64,86,HIGH
ROAD_CLOSURE,HIGH,5.0,5.0,153,6,-11.19,-0.35,18.95,91,HIGH
ROAD_CLOSURE,HIGH,0.0,0.0,156,5,-10.59,-0.283,19.57,86,HIGH
ROAD_CLOSURE,HIGH,5.0,0.0,152,6,-8.74,-0.375,20.24,86,HIGH
ROAD_CLOSURE,HIGH,0.0,0.0,158,6,-9.25,-0.328,19.07,86,HIGH
ROAD_CLOSURE,HIGH,5.0,0.0,161,5,-10.94,-0.372,19.88,86,HIGH
ROAD_CLOSURE,HIGH,10.0,0.0,157,5,-9.21,-0.344,21.66,92,HIGH
VEHICLE_CAPACITY_REDUCTION,MEDIUM,10.0,13.53,154,29,-13.49,-0.533,31.6,89,HIGH
VEHICLE_CAPACITY_REDUCTION,MEDIUM,5.0,14.7,160,22,-15.7,-0.461,30.9,78,HIGH
VEHICLE_CAPACITY_REDUCTION,MEDIUM,5.0,12.0,149,29,-13.86,-0.5,28.92,80,HIGH
VEHICLE_CAPACITY_REDUCTION,MEDIUM,0.0,15.24,159,24,-14.44,-0.44,28.48,85,HIGH
VEHICLE_CAPACITY_REDUCTION,MEDIUM,0.0,12.75,151,28,-12.93,-0.551,27.63,83,HIGH
VEHICLE_CAPACITY_REDUCTION,MEDIUM,0.0,11.66,161,30,-16.34,-0.444,30.21,78,HIGH
VEHICLE_CAPACITY_REDUCTION,MEDIUM,5.0,15.62,162,30,-14.58,-0.561,29.35,90,HIGH
VEHICLE_CAPACITY_REDUCTION,MEDIUM,10.0,11.85,158,21,-15.17,-0.565,31.5,89,HIGH
VEHICLE_CAPACITY_REDUCTION,MEDIUM,10.0,15.19,158,28,-16.96,-0.539,31.99,96,HIGH
VEHICLE_CAPACITY_REDUCTION,MEDIUM,0.0,11.79,162,29,-15.52,-0.432,29.27,78,HIGH
VEHICLE_CAPACITY_REDUCTION,MEDIUM,5.0,16.05,147,26,-13.14,-0.52,31.16,87,HIGH
VEHICLE_CAPACITY_REDUCTION,MEDIUM,0.0,12.24,161,27,-14.5,-0.533,29.32,83,HIGH
VEHICLE_CAPACITY_REDUCTION,MEDIUM,0.0,15.66,149,29,-12.81,-0.484,31.9,82,HIGH
VEHICLE_CAPACITY_REDUCTION,MEDIUM,0.0,12.97,161,28,-14.41,-0.532,28.53,83,HIGH
VEHICLE_CAPACITY_REDUCTION,MEDIUM,5.0,11.44,149,28,-16.32,-0.542,30.11,80,HIGH
VEHICLE_CAPACITY_REDUCTION,MEDIUM,0.0,11.28,154,25,-14.15,-0.428,28.18,78,HIGH
VEHICLE_CAPACITY_REDUCTION,MEDIUM,0.0,15.32,161,24,-16.69,-0.465,30.95,85,HIGH
VEHICLE_CAPACITY_REDUCTION,MEDIUM,0.0,14.11,155,28,-14.04,-0.541,31.17,83,HIGH
VEHICLE_CAPACITY_REDUCTION,MEDIUM,0.0,16.0,150,27,-12.99,-0.482,29.3,85,HIGH
VEHICLE_CAPACITY_REDUCTION,MEDIUM,10.0,13.11,156,28,-13.64,-0.521,30.24,89,HIGH
VEHICLE_CAPACITY_REDUCTION,HIGH,10.0,37.05,83,0,-0.63,-0.021,2.21,91,HIGH
VEHICLE_CAPACITY_REDUCTION,HIGH,0.0,32.08,78,0,-0.55,-0.019,2.05,85,HIGH
VEHICLE_CAPACITY_REDUCTION,HIGH,0.0,36.45,84,0,-0.61,-0.02,2.04,85,HIGH
VEHICLE_CAPACITY_REDUCTION,HIGH,0.0,31.35,77,1,-0.65,-0.02,2.35,88,HIGH
VEHICLE_CAPACITY_REDUCTION,HIGH,0.0,30.87,82,0,-0.52,-0.018,2.24,85,HIGH
VEHICLE_CAPACITY_REDUCTION,HIGH,10.0,31.87,81,0,-0.62,-0.021,2.16,91,HIGH
VEHICLE_CAPACITY_REDUCTION,HIGH,0.0,39.34,83,0,-0.64,-0.019,2.18,85,HIGH
VEHICLE_CAPACITY_REDUCTION,HIGH,0.0,37.66,80,0,-0.51,-0.017,2.24,85,HIGH
VEHICLE_CAPACITY_REDUCTION,HIGH,0.0,41.41,84,0,-0.61,-0.019,2.35,85,HIGH
VEHICLE_CAPACITY_REDUCTION,HIGH,0.0,35.66,80,0,-0.56,-0.017,2.08,85,HIGH
VEHICLE_CAPACITY_REDUCTION,HIGH,5.0,40.57,83,1,-0.63,-0.023,2.29,88,HIGH
VEHICLE_CAPACITY_REDUCTION,HIGH,5.0,37.23,82,0,-0.52,-0.023,2.36,85,HIGH
VEHICLE_CAPACITY_REDUCTION,HIGH,0.0,35.32,77,1,-0.53,-0.02,2.23,88,HIGH
VEHICLE_CAPACITY_REDUCTION,HIGH,0.0,41.74,82,1,-0.63,-0.021,2.14,88,HIGH
VEHICLE_CAPACITY_REDUCTION,HIGH,0.0,35.3,82,0,-0.65,-0.019,2.31,85,HIGH
VEHICLE_CAPACITY_REDUCTION,HIGH,5.0,31.46,82,0,-0.56,-0.022,2.35,85,HIGH
VEHICLE_CAPACITY_REDUCTION,HIGH,10.0,34.98,80,0,-0.63,-0.022,2.15,91,HIGH
VEHICLE_CAPACITY_REDUCTION,HIGH,0.0,28.64,77,0,-0.54,-0.022,2.27,77,HIGH
VEHICLE_CAPACITY_REDUCTION,HIGH,10.0,31.44,78,0,-0.57,-0.021,2.06,91,HIGH
VEHICLE_CAPACITY_REDUCTION,HIGH,0.0,41.37,79,0,-0.49,-0.022,2.15,85,HIGH
TRAFFIC_DELAY,HIGH,40.58,0.0,145,0,-5.0,-0.153,9.18,82,HIGH
TRAFFIC_DELAY,HIGH,31.52,5.0,137,0,-4.21,-0.157,9.01,79,HIGH
TRAFFIC_DELAY,HIGH,43.53,5.0,134,0,-4.41,-0.137,8.72,87,HIGH
TRAFFIC_DELAY,HIGH,30.15,0.0,140,1,-4.11,-0.17,9.51,77,HIGH
TRAFFIC_DELAY,HIGH,37.44,0.0,147,1,-4.74,-0.14,9.18,77,HIGH
TRAFFIC_DELAY,HIGH,44.04,5.0,141,0,-4.29,-0.163,9.36,87,HIGH
TRAFFIC_DELAY,HIGH,30.68,0.0,137,1,-3.99,-0.142,9.9,77,HIGH
TRAFFIC_DELAY,HIGH,28.28,5.0,145,0,-4.98,-0.15,9.26,79,HIGH
TRAFFIC_DELAY,HIGH,42.04,0.0,136,1,-4.66,-0.162,9.61,85,HIGH
TRAFFIC_DELAY,HIGH,42.77,0.0,136,0,-4.11,-0.147,8.72,82,HIGH
TRAFFIC_DELAY,HIGH,40.78,0.0,148,0,-4.29,-0.151,8.75,82,HIGH
TRAFFIC_DELAY,HIGH,31.07,0.0,144,0,-4.14,-0.138,8.67,74,HIGH
TRAFFIC_DELAY,HIGH,44.4,0.0,140,0,-4.62,-0.161,9.89,82,HIGH
TRAFFIC_DELAY,HIGH,32.45,0.0,139,0,-4.68,-0.164,8.93,74,HIGH
TRAFFIC_DELAY,HIGH,43.23,0.0,142,1,-5.04,-0.161,9.23,85,HIGH
TRAFFIC_DELAY,HIGH,38.9,0.0,145,0,-4.46,-0.159,8.91,74,HIGH
TRAFFIC_DELAY,HIGH,37.51,0.0,138,1,-3.8,-0.139,9.54,77,HIGH
TRAFFIC_DELAY,HIGH,39.86,0.0,139,0,-3.88,-0.151,9.4,74,HIGH
TRAFFIC_DELAY,HIGH,43.79,5.0,147,0,-4.66,-0.16,9.33,87,HIGH
TRAFFIC_DELAY,HIGH,39.5,0.0,137,0,-4.88,-0.14,9.83,74,HIGH
ROAD_CLOSURE,HIGH,10.0,0.0,156,3,-7.55,-0.244,11.25,87,HIGH
ROAD_CLOSURE,HIGH,10.0,0.0,151,3,-6.23,-0.219,10.92,87,HIGH
ROAD_CLOSURE,HIGH,5.0,0.0,155,2,-7.16,-0.195,11.41,78,HIGH
ROAD_CLOSURE,HIGH,0.0,0.0,154,3,-6.72,-0.22,11.26,81,HIGH
ROAD_CLOSURE,HIGH,0.0,0.0,158,3,-7.03,-0.244,10.37,81,HIGH
ROAD_CLOSURE,HIGH,0.0,0.0,150,3,-5.87,-0.244,10.33,81,HIGH
ROAD_CLOSURE,HIGH,0.0,5.0,160,3,-6.6,-0.192,10.6,83,HIGH
ROAD_CLOSURE,HIGH,0.0,5.0,148,4,-6.85,-0.203,10.34,83,HIGH
ROAD_CLOSURE,HIGH,5.0,0.0,152,3,-5.99,-0.214,11.64,81,HIGH
ROAD_CLOSURE,HIGH,5.0,0.0,150,3,-6.1,-0.21,10.21,81,HIGH
ROAD_CLOSURE,HIGH,10.0,0.0,156,2,-6.35,-0.249,11.15,87,HIGH
ROAD_CLOSURE,HIGH,0.0,5.0,152,3,-5.81,-0.205,10.53,86,HIGH
ROAD_CLOSURE,HIGH,0.0,5.0,147,2,-6.64,-0.199,11.7,80,HIGH
ROAD_CLOSURE,HIGH,0.0,0.0,146,3,-6.76,-0.2,10.94,75,HIGH
ROAD_CLOSURE,HIGH,0.0,0.0,156,3,-7.08,-0.229,10.99,81,HIGH
ROAD_CLOSURE,HIGH,0.0,0.0,152,3,-5.95,-0.248,10.19,81,HIGH
ROAD_CLOSURE,HIGH,5.0,5.0,156,3,-5.79,-0.224,11.15,86,HIGH
ROAD_CLOSURE,HIGH,0.0,0.0,149,3,-6.94,-0.226,10.95,78,HIGH
ROAD_CLOSURE,HIGH,0.0,0.0,149,3,-5.84,-0.217,11.1,78,HIGH
ROAD_CLOSURE,HIGH,0.0,5.0,146,2,-7.14,-0.228,10.7,83,HIGH
ROAD_CLOSURE,MEDIUM,0.0,0.0,168,22,-11.13,-0.334,17.64,78,HIGH
ROAD_CLOSURE,MEDIUM,0.0,0.0,173,24,-10.55,-0.302,16.95,78,HIGH
ROAD_CLOSURE,MEDIUM,0.0,0.0,179,21,-10.99,-0.289,17.31,78,HIGH
ROAD_CLOSURE,MEDIUM,5.0,0.0,174,23,-9.66,-0.379,15.84,78,HIGH
ROAD_CLOSURE,MEDIUM,0.0,0.0,165,25,-8.97,-0.345,17.34,78,HIGH
ROAD_CLOSURE,MEDIUM,5.0,0.0,180,19,-9.41,-0.282,15.45,81,HIGH
ROAD_CLOSURE,MEDIUM,0.0,0.0,171,22,-9.0,-0.34,16.77,78,HIGH
ROAD_CLOSURE,MEDIUM,0.0,0.0,168,26,-10.79,-0.373,16.64,78,HIGH
ROAD_CLOSURE,MEDIUM,0.0,0.0,171,25,-10.54,-0.332,15.43,78,HIGH
ROAD_CLOSURE,MEDIUM,0.0,0.0,180,24,-9.95,-0.307,16.19,81,HIGH
ROAD_CLOSURE,MEDIUM,0.0,0.0,177,26,-9.71,-0.343,15.89,78,HIGH
ROAD_CLOSURE,MEDIUM,0.0,5.0,179,22,-10.28,-0.373,15.42,83,HIGH
ROAD_CLOSURE,MEDIUM,0.0,0.0,173,19,-9.25,-0.33,15.4,78,HIGH
ROAD_CLOSURE,MEDIUM,5.0,5.0,169,19,-10.62,-0.321,16.92,83,HIGH
ROAD_CLOSURE,MEDIUM,10.0,5.0,177,23,-10.69,-0.374,17.15,89,HIGH
ROAD_CLOSURE,MEDIUM,5.0,0.0,173,19,-9.22,-0.311,15.89,78,HIGH
ROAD_CLOSURE,MEDIUM,0.0,0.0,168,25,-8.59,-0.367,17.36,78,HIGH
ROAD_CLOSURE,MEDIUM,10.0,5.0,170,24,-9.47,-0.307,15.84,89,HIGH
ROAD_CLOSURE,MEDIUM,10.0,0.0,178,19,-10.81,-0.315,16.58,84,HIGH
ROAD_CLOSURE,MEDIUM,0.0,5.0,167,26,-10.57,-0.324,16.81,83,HIGH
VEHICLE_CAPACITY_REDUCTION,LOW,10.0,9.64,188,54,-19.59,-0.678,34.62,77,HIGH
VEHICLE_CAPACITY_REDUCTION,LOW,10.0,10.87,175,55,-20.38,-0.611,32.76,74,HIGH
VEHICLE_CAPACITY_REDUCTION,LOW,0.0,10.93,177,58,-17.99,-0.707,35.44,68,MEDIUM
VEHICLE_CAPACITY_REDUCTION,LOW,0.0,10.43,179,45,-17.6,-0.658,33.57,68,MEDIUM
VEHICLE_CAPACITY_REDUCTION,LOW,5.0,10.29,187,60,-19.77,-0.732,37.0,71,HIGH
VEHICLE_CAPACITY_REDUCTION,LOW,0.0,8.69,185,50,-19.75,-0.756,35.71,71,HIGH
VEHICLE_CAPACITY_REDUCTION,LOW,10.0,10.79,184,50,-22.93,-0.668,37.59,77,HIGH
VEHICLE_CAPACITY_REDUCTION,LOW,10.0,9.57,175,58,-18.49,-0.682,34.57,74,HIGH
VEHICLE_CAPACITY_REDUCTION,LOW,0.0,11.43,188,53,-19.73,-0.759,33.5,71,HIGH
VEHICLE_CAPACITY_REDUCTION,LOW,0.0,10.93,179,54,-21.83,-0.673,37.02,68,MEDIUM
VEHICLE_CAPACITY_REDUCTION,LOW,5.0,9.33,191,56,-19.99,-0.615,36.91,71,HIGH
VEHICLE_CAPACITY_REDUCTION,LOW,0.0,8.05,179,48,-21.19,-0.581,33.82,68,MEDIUM
VEHICLE_CAPACITY_REDUCTION,LOW,5.0,8.73,183,55,-22.41,-0.689,37.6,71,HIGH
VEHICLE_CAPACITY_REDUCTION,LOW,10.0,11.22,179,49,-23.32,-0.692,34.04,74,HIGH
VEHICLE_CAPACITY_REDUCTION,LOW,0.0,10.83,192,47,-19.5,-0.587,34.19,71,HIGH
VEHICLE_CAPACITY_REDUCTION,LOW,0.0,11.33,177,57,-19.52,-0.707,32.82,68,MEDIUM
VEHICLE_CAPACITY_REDUCTION,LOW,0.0,10.32,187,49,-20.58,-0.684,34.2,71,HIGH
VEHICLE_CAPACITY_REDUCTION,LOW,5.0,8.56,178,53,-21.02,-0.729,33.22,68,MEDIUM
VEHICLE_CAPACITY_REDUCTION,LOW,5.0,9.56,189,43,-18.82,-0.702,34.64,71,HIGH
VEHICLE_CAPACITY_REDUCTION,LOW,0.0,10.32,180,53,-18.2,-0.675,36.17,71,HIGH
ROAD_CLOSURE,HIGH,0.0,0.0,141,1,-7.43,-0.264,27.18,78,HIGH
ROAD_CLOSURE,HIGH,0.0,0.0,145,1,-7.83,-0.296,26.2,78,HIGH
ROAD_CLOSURE,HIGH,0.0,0.0,146,1,-8.72,-0.248,25.69,78,HIGH
ROAD_CLOSURE,HIGH,10.0,0.0,145,1,-8.5,-0.296,23.86,84,HIGH
ROAD_CLOSURE,HIGH,5.0,5.0,139,1,-7.36,-0.237,26.36,83,HIGH
ROAD_CLOSURE,HIGH,5.0,5.0,137,1,-7.53,-0.232,27.07,83,HIGH
ROAD_CLOSURE,HIGH,10.0,5.0,146,1,-8.53,-0.256,27.14,89,HIGH
ROAD_CLOSURE,HIGH,10.0,0.0,142,1,-8.91,-0.298,24.59,84,HIGH
ROAD_CLOSURE,HIGH,0.0,5.0,134,1,-9.18,-0.294,26.26,83,HIGH
ROAD_CLOSURE,HIGH,0.0,0.0,147,1,-7.64,-0.255,27.39,78,HIGH
ROAD_CLOSURE,HIGH,10.0,0.0,134,1,-6.94,-0.236,24.84,84,HIGH
ROAD_CLOSURE,HIGH,0.0,0.0,142,1,-7.0,-0.297,26.04,78,HIGH
ROAD_CLOSURE,HIGH,10.0,0.0,144,1,-7.85,-0.235,26.12,84,HIGH
ROAD_CLOSURE,HIGH,0.0,0.0,139,1,-8.31,-0.276,27.02,78,HIGH
ROAD_CLOSURE,HIGH,0.0,0.0,141,1,-8.44,-0.268,25.35,78,HIGH
ROAD_CLOSURE,HIGH,0.0,0.0,143,1,-8.35,-0.234,25.4,78,HIGH
ROAD_CLOSURE,HIGH,0.0,5.0,144,1,-7.31,-0.27,26.33,83,HIGH
ROAD_CLOSURE,HIGH,0.0,0.0,136,1,-7.28,-0.281,25.96,78,HIGH
ROAD_CLOSURE,HIGH,5.0,0.0,134,1,-8.53,-0.297,24.27,78,HIGH
ROAD_CLOSURE,HIGH,0.0,0.0,147,1,-8.01,-0.266,26.3,78,HIGH
ROAD_CLOSURE,HIGH,5.0,5.0,131,1,-4.45,-0.133,13.13,80,HIGH
ROAD_CLOSURE,HIGH,0.0,0.0,128,1,-3.82,-0.113,11.59,75,HIGH
ROAD_CLOSURE,HIGH,0.0,5.0,129,1,-3.69,-0.137,12.68,80,HIGH
ROAD_CLOSURE,HIGH,0.0,0.0,124,1,-3.84,-0.142,13.23,75,HIGH
ROAD_CLOSURE,HIGH,0.0,5.0,135,1,-4.22,-0.134,12.72,80,HIGH
ROAD_CLOSURE,HIGH,10.0,0.0,131,1,-3.81,-0.127,12.29,81,HIGH
ROAD_CLOSURE,HIGH,0.0,0.0,125,1,-4.05,-0.141,12.33,75,HIGH
ROAD_CLOSURE,HIGH,0.0,5.0,129,1,-4.52,-0.113,12.37,80,HIGH
ROAD_CLOSURE,HIGH,10.0,0.0,125,1,-3.53,-0.111,11.83,81,HIGH
ROAD_CLOSURE,HIGH,10.0,0.0,126,1,-4.38,-0.125,12.21,81,HIGH
ROAD_CLOSURE,HIGH,5.0,0.0,135,1,-4.47,-0.141,11.68,75,HIGH
ROAD_CLOSURE,HIGH,0.0,0.0,130,1,-4.07,-0.142,11.79,75,HIGH
ROAD_CLOSURE,HIGH,0.0,5.0,127,1,-3.98,-0.114,12.41,80,HIGH
ROAD_CLOSURE,HIGH,0.0,0.0,130,1,-3.89,-0.128,12.92,75,HIGH
ROAD_CLOSURE,HIGH,0.0,5.0,133,1,-4.42,-0.123,12.56,80,HIGH
ROAD_CLOSURE,HIGH,0.0,5.0,132,1,-3.84,-0.118,12.47,80,HIGH
ROAD_CLOSURE,HIGH,5.0,5.0,124,1,-4.18,-0.115,13.07,80,HIGH
ROAD_CLOSURE,HIGH,5.0,0.0,125,1,-3.54,-0.118,13.36,75,HIGH
ROAD_CLOSURE,HIGH,0.0,0.0,130,1,-3.98,-0.136,11.97,75,HIGH
ROAD_CLOSURE,HIGH,0.0,0.0,126,1,-3.56,-0.133,11.88,75,HIGH
ROAD_CLOSURE,HIGH,5.0,0.0,82,1,-1.9,-0.056,6.91,73,HIGH
ROAD_CLOSURE,HIGH,0.0,0.0,78,1,-1.88,-0.058,6.07,73,HIGH
ROAD_CLOSURE,HIGH,10.0,0.0,78,1,-1.98,-0.051,6.24,79,HIGH
ROAD_CLOSURE,HIGH,5.0,0.0,75,1,-1.86,-0.062,6.58,73,HIGH
ROAD_CLOSURE,HIGH,5.0,0.0,76,1,-1.61,-0.061,6.18,73,HIGH
ROAD_CLOSURE,HIGH,0.0,0.0,81,1,-1.62,-0.055,6.22,73,HIGH
ROAD_CLOSURE,HIGH,10.0,0.0,78,1,-1.84,-0.062,6.74,79,HIGH
ROAD_CLOSURE,HIGH,10.0,5.0,80,1,-1.84,-0.06,6.66,84,HIGH
ROAD_CLOSURE,HIGH,0.0,5.0,75,1,-1.82,-0.059,6.76,78,HIGH
ROAD_CLOSURE,HIGH,5.0,0.0,74,1,-1.7,-0.066,6.15,73,HIGH
ROAD_CLOSURE,HIGH,0.0,5.0,79,1,-1.5,-0.064,6.1,78,HIGH
ROAD_CLOSURE,HIGH,0.0,0.0,79,1,-1.79,-0.055,6.04,73,HIGH
ROAD_CLOSURE,HIGH,0.0,0.0,77,1,-1.82,-0.061,6.91,73,HIGH
ROAD_CLOSURE,HIGH,0.0,0.0,76,1,-1.9,-0.06,6.76,73,HIGH
ROAD_CLOSURE,HIGH,0.0,5.0,76,1,-1.97,-0.063,6.92,78,HIGH
ROAD_CLOSURE,HIGH,0.0,0.0,81,1,-1.64,-0.066,6.93,73,HIGH
ROAD_CLOSURE,HIGH,5.0,0.0,80,1,-1.62,-0.068,6.0,73,HIGH
ROAD_CLOSURE,HIGH,0.0,5.0,75,1,-1.98,-0.057,6.32,78,HIGH
ROAD_CLOSURE,HIGH,0.0,5.0,76,1,-1.65,-0.066,6.92,78,HIGH
ROAD_CLOSURE,HIGH,0.0,5.0,76,1,-1.56,-0.055,6.69,78,HIGH
ROAD_CLOSURE,HIGH,10.0,0.0,61,1,-0.86,-0.026,3.33,79,HIGH
ROAD_CLOSURE,HIGH,5.0,5.0,62,1,-0.86,-0.028,3.36,78,HIGH
ROAD_CLOSURE,HIGH,0.0,0.0,61,1,-1.05,-0.028,3.69,73,HIGH
ROAD_CLOSURE,HIGH,0.0,5.0,59,1,-0.89,-0.028,3.35,78,HIGH
ROAD_CLOSURE,HIGH,0.0,0.0,57,1,-0.98,-0.033,3.75,73,HIGH
ROAD_CLOSURE,HIGH,10.0,0.0,60,1,-1.0,-0.034,3.37,79,HIGH
ROAD_CLOSURE,HIGH,0.0,0.0,57,1,-0.92,-0.029,3.32,73,HIGH
ROAD_CLOSURE,HIGH,5.0,0.0,61,1,-1.04,-0.031,3.65,73,HIGH
ROAD_CLOSURE,HIGH,0.0,0.0,57,1,-0.81,-0.033,3.73,73,HIGH
ROAD_CLOSURE,HIGH,10.0,0.0,56,1,-0.84,-0.034,3.41,79,HIGH
ROAD_CLOSURE,HIGH,0.0,0.0,61,1,-0.98,-0.033,3.42,73,HIGH
ROAD_CLOSURE,HIGH,10.0,0.0,61,1,-0.97,-0.028,3.53,79,HIGH
ROAD_CLOSURE,HIGH,0.0,0.0,59,1,-0.85,-0.027,3.31,73,HIGH
ROAD_CLOSURE,HIGH,10.0,0.0,60,1,-0.85,-0.032,3.79,79,HIGH
ROAD_CLOSURE,HIGH,0.0,0.0,57,1,-0.85,-0.026,3.6,73,HIGH
ROAD_CLOSURE,HIGH,0.0,5.0,61,1,-1.05,-0.027,3.5,78,HIGH
ROAD_CLOSURE,HIGH,10.0,0.0,60,1,-0.89,-0.027,3.3,79,HIGH
ROAD_CLOSURE,HIGH,0.0,0.0,58,1,-0.98,-0.034,3.47,73,HIGH
ROAD_CLOSURE,HIGH,0.0,5.0,57,1,-0.9,-0.034,3.76,78,HIGH
ROAD_CLOSURE,HIGH,5.0,0.0,60,1,-1.03,-0.026,3.67,73,HIGH
VEHICLE_CAPACITY_REDUCTION,LOW,5.0,10.2,159,25,-25.81,-0.854,33.16,68,MEDIUM
VEHICLE_CAPACITY_REDUCTION,LOW,0.0,11.85,157,25,-25.22,-0.787,32.78,68,MEDIUM
VEHICLE_CAPACITY_REDUCTION,LOW,5.0,10.23,161,21,-26.33,-0.7,31.19,68,MEDIUM
VEHICLE_CAPACITY_REDUCTION,LOW,0.0,10.23,156,23,-23.48,-0.834,34.89,68,MEDIUM
VEHICLE_CAPACITY_REDUCTION,LOW,5.0,11.67,162,27,-24.37,-0.757,33.86,68,MEDIUM
VEHICLE_CAPACITY_REDUCTION,LOW,10.0,11.12,153,25,-23.07,-0.872,33.39,74,HIGH
VEHICLE_CAPACITY_REDUCTION,LOW,0.0,8.95,157,22,-25.35,-0.78,32.26,68,MEDIUM
VEHICLE_CAPACITY_REDUCTION,LOW,0.0,10.06,157,24,-23.97,-0.739,30.28,68,MEDIUM
VEHICLE_CAPACITY_REDUCTION,LOW,0.0,10.85,167,28,-22.22,-0.718,31.14,68,MEDIUM
VEHICLE_CAPACITY_REDUCTION,LOW,0.0,11.79,153,25,-25.45,-0.725,35.05,68,MEDIUM
VEHICLE_CAPACITY_REDUCTION,LOW,5.0,8.76,154,26,-22.97,-0.734,31.08,68,MEDIUM
VEHICLE_CAPACITY_REDUCTION,LOW,10.0,8.89,156,24,-23.79,-0.761,30.89,74,HIGH
VEHICLE_CAPACITY_REDUCTION,LOW,0.0,11.19,154,28,-24.8,-0.743,34.12,68,MEDIUM
VEHICLE_CAPACITY_REDUCTION,LOW,0.0,10.41,169,22,-21.59,-0.669,34.27,68,MEDIUM
VEHICLE_CAPACITY_REDUCTION,LOW,0.0,8.93,154,30,-26.46,-0.761,30.34,68,MEDIUM
VEHICLE_CAPACITY_REDUCTION,LOW,0.0,8.04,158,30,-25.09,-0.885,34.01,68,MEDIUM
VEHICLE_CAPACITY_REDUCTION,LOW,0.0,10.35,164,25,-26.79,-0.79,31.47,68,MEDIUM
VEHICLE_CAPACITY_REDUCTION,LOW,5.0,9.7,166,29,-25.61,-0.715,31.22,68,MEDIUM
VEHICLE_CAPACITY_REDUCTION,LOW,10.0,8.36,157,23,-20.3,-0.81,31.53,74,HIGH
VEHICLE_CAPACITY_REDUCTION,LOW,0.0,10.65,164,30,-25.28,-0.833,32.52,68,MEDIUM
TRAFFIC_DELAY,LOW,11.29,0.0,183,41,-13.56,-0.442,21.87,62,MEDIUM
TRAFFIC_DELAY,LOW,9.72,5.0,192,39,-11.02,-0.37,24.26,61,MEDIUM
TRAFFIC_DELAY,LOW,10.11,0.0,198,35,-12.95,-0.38,24.47,62,MEDIUM
TRAFFIC_DELAY,LOW,9.89,0.0,183,34,-12.97,-0.456,24.13,56,MEDIUM
TRAFFIC_DELAY,LOW,11.25,0.0,193,38,-11.14,-0.439,22.6,62,MEDIUM
TRAFFIC_DELAY,LOW,9.74,0.0,184,32,-12.21,-0.411,21.74,56,MEDIUM
TRAFFIC_DELAY,LOW,10.18,0.0,192,41,-13.78,-0.384,22.98,62,MEDIUM
TRAFFIC_DELAY,LOW,10.51,0.0,181,42,-13.04,-0.41,23.61,62,MEDIUM
TRAFFIC_DELAY,LOW,10.61,5.0,196,45,-12.63,-0.444,21.38,67,MEDIUM
TRAFFIC_DELAY,LOW,8.47,0.0,196,40,-11.28,-0.429,24.1,56,MEDIUM
TRAFFIC_DELAY,LOW,11.56,5.0,197,34,-11.03,-0.469,23.72,67,MEDIUM
TRAFFIC_DELAY,LOW,10.03,0.0,181,46,-14.07,-0.443,21.34,62,MEDIUM
TRAFFIC_DELAY,LOW,10.33,5.0,192,44,-11.4,-0.434,22.15,67,MEDIUM
TRAFFIC_DELAY,LOW,12.36,0.0,194,36,-12.98,-0.375,21.75,62,MEDIUM
TRAFFIC_DELAY,LOW,8.87,5.0,189,37,-12.34,-0.463,22.5,61,MEDIUM
TRAFFIC_DELAY,LOW,8.33,5.0,193,45,-13.69,-0.408,24.08,61,MEDIUM
TRAFFIC_DELAY,LOW,12.23,0.0,197,37,-13.03,-0.467,21.5,62,MEDIUM
TRAFFIC_DELAY,LOW,11.42,0.0,183,32,-11.91,-0.416,24.31,62,MEDIUM
TRAFFIC_DELAY,LOW,12.65,0.0,190,39,-11.09,-0.436,22.36,62,MEDIUM
TRAFFIC_DELAY,LOW,12.09,5.0,192,42,-11.7,-0.452,23.5,67,MEDIUM
TRAFFIC_DELAY,MEDIUM,24.55,0.0,136,0,-7.02,-0.304,24.6,62,MEDIUM
TRAFFIC_DELAY,MEDIUM,27.19,0.0,136,0,-8.47,-0.303,26.59,62,MEDIUM
TRAFFIC_DELAY,MEDIUM,22.77,0.0,138,1,-9.05,-0.267,25.28,65,MEDIUM
TRAFFIC_DELAY,MEDIUM,33.52,0.0,134,1,-7.52,-0.254,26.8,65,MEDIUM
TRAFFIC_DELAY,MEDIUM,25.52,5.0,147,0,-7.18,-0.237,26.51,67,MEDIUM
TRAFFIC_DELAY,MEDIUM,32.53,0.0,143,0,-8.16,-0.295,24.83,62,MEDIUM
TRAFFIC_DELAY,MEDIUM,34.84,0.0,135,0,-7.76,-0.268,23.87,62,MEDIUM
TRAFFIC_DELAY,MEDIUM,32.62,0.0,147,1,-7.8,-0.237,23.59,65,MEDIUM
TRAFFIC_DELAY,MEDIUM,27.49,0.0,146,0,-7.97,-0.255,25.24,62,MEDIUM
TRAFFIC_DELAY,MEDIUM,29.29,5.0,136,0,-7.7,-0.289,25.93,67,MEDIUM
TRAFFIC_DELAY,MEDIUM,29.02,5.0,135,0,-8.76,-0.264,27.21,67,MEDIUM
TRAFFIC_DELAY,MEDIUM,31.92,0.0,145,1,-8.67,-0.254,25.25,65,MEDIUM
TRAFFIC_DELAY,MEDIUM,24.26,5.0,138,1,-8.15,-0.272,24.43,70,HIGH
TRAFFIC_DELAY,MEDIUM,24.89,0.0,141,1,-8.4,-0.297,27.13,65,MEDIUM
TRAFFIC_DELAY,MEDIUM,21.93,0.0,138,0,-7.54,-0.305,25.37,62,MEDIUM
TRAFFIC_DELAY,MEDIUM,26.59,5.0,142,0,-8.4,-0.242,27.14,67,MEDIUM
TRAFFIC_DELAY,MEDIUM,22.9,0.0,144,1,-7.01,-0.303,27.21,65,MEDIUM
TRAFFIC_DELAY,MEDIUM,31.79,5.0,147,0,-9.09,-0.272,26.19,67,MEDIUM
TRAFFIC_DELAY,MEDIUM,34.65,0.0,147,0,-7.56,-0.308,25.78,62,MEDIUM
TRAFFIC_DELAY,MEDIUM,30.47,0.0,138,0,-7.72,-0.274,26.41,62,MEDIUM
ROAD_CLOSURE,MEDIUM,0.0,0.0,154,8,-2.67,-0.079,6.52,68,MEDIUM
ROAD_CLOSURE,MEDIUM,0.0,0.0,165,9,-2.15,-0.071,7.44,68,MEDIUM
ROAD_CLOSURE,MEDIUM,0.0,0.0,157,7,-2.52,-0.083,6.93,68,MEDIUM
ROAD_CLOSURE,MEDIUM,0.0,0.0,155,10,-2.17,-0.073,6.63,75,HIGH
ROAD_CLOSURE,MEDIUM,10.0,0.0,154,9,-2.32,-0.071,6.86,74,HIGH
ROAD_CLOSURE,MEDIUM,0.0,5.0,165,8,-2.12,-0.081,7.07,73,HIGH
ROAD_CLOSURE,MEDIUM,0.0,5.0,160,8,-2.66,-0.081,6.52,73,HIGH
ROAD_CLOSURE,MEDIUM,0.0,0.0,157,8,-2.72,-0.081,7.37,68,MEDIUM
ROAD_CLOSURE,MEDIUM,10.0,0.0,154,9,-2.31,-0.079,6.97,74,HIGH
ROAD_CLOSURE,MEDIUM,0.0,0.0,166,9,-2.68,-0.087,6.73,68,MEDIUM
ROAD_CLOSURE,MEDIUM,0.0,0.0,152,10,-2.78,-0.072,7.21,75,HIGH
ROAD_CLOSURE,MEDIUM,0.0,0.0,153,9,-2.8,-0.068,7.39,68,MEDIUM
ROAD_CLOSURE,MEDIUM,5.0,0.0,155,9,-2.32,-0.089,6.45,68,MEDIUM
ROAD_CLOSURE,MEDIUM,0.0,0.0,153,8,-2.52,-0.069,6.56,68,MEDIUM
ROAD_CLOSURE,MEDIUM,0.0,0.0,164,9,-2.23,-0.079,6.49,68,MEDIUM
ROAD_CLOSURE,MEDIUM,5.0,0.0,164,9,-2.33,-0.087,7.03,68,MEDIUM
ROAD_CLOSURE,MEDIUM,0.0,0.0,154,9,-2.08,-0.074,7.36,68,MEDIUM
ROAD_CLOSURE,MEDIUM,5.0,0.0,161,9,-2.49,-0.072,6.5,68,MEDIUM
ROAD_CLOSURE,MEDIUM,0.0,0.0,158,9,-2.24,-0.084,6.52,68,MEDIUM
ROAD_CLOSURE,MEDIUM,0.0,0.0,165,10,-2.25,-0.082,6.85,75,HIGH
ROAD_CLOSURE,MEDIUM,10.0,0.0,149,8,-0.88,-0.027,3.08,71,HIGH
ROAD_CLOSURE,MEDIUM,0.0,0.0,153,7,-0.95,-0.034,2.95,68,MEDIUM
ROAD_CLOSURE,MEDIUM,10.0,0.0,157,8,-1.02,-0.033,3.28,74,HIGH
ROAD_CLOSURE,MEDIUM,5.0,0.0,164,7,-0.97,-0.03,3.07,68,MEDIUM
ROAD_CLOSURE,MEDIUM,0.0,0.0,150,8,-1.01,-0.032,2.93,68,MEDIUM
ROAD_CLOSURE,MEDIUM,10.0,0.0,160,6,-1.06,-0.026,2.99,74,HIGH
ROAD_CLOSURE,MEDIUM,0.0,5.0,150,7,-0.91,-0.03,3.05,73,HIGH
ROAD_CLOSURE,MEDIUM,0.0,5.0,161,6,-0.83,-0.034,3.14,73,HIGH
ROAD_CLOSURE,MEDIUM,10.0,0.0,158,6,-0.81,-0.031,2.95,74,HIGH
ROAD_CLOSURE,MEDIUM,10.0,0.0,159,7,-1.02,-0.029,3.15,74,HIGH
ROAD_CLOSURE,MEDIUM,0.0,0.0,157,7,-0.99,-0.034,3.2,68,MEDIUM
ROAD_CLOSURE,MEDIUM,0.0,0.0,162,8,-0.97,-0.026,2.95,68,MEDIUM
ROAD_CLOSURE,MEDIUM,5.0,5.0,152,8,-0.9,-0.03,2.89,73,HIGH
ROAD_CLOSURE,MEDIUM,10.0,0.0,159,8,-0.98,-0.03,3.17,74,HIGH
ROAD_CLOSURE,MEDIUM,5.0,0.0,149,6,-0.98,-0.032,3.33,65,MEDIUM
ROAD_CLOSURE,MEDIUM,10.0,0.0,160,8,-1.08,-0.027,3.02,74,HIGH
ROAD_CLOSURE,MEDIUM,0.0,0.0,152,7,-0.9,-0.031,3.13,68,MEDIUM
ROAD_CLOSURE,MEDIUM,0.0,0.0,150,7,-0.96,-0.027,3.21,68,MEDIUM
ROAD_CLOSURE,MEDIUM,0.0,0.0,158,8,-0.96,-0.028,3.18,68,MEDIUM
ROAD_CLOSURE,MEDIUM,10.0,0.0,163,7,-0.84,-0.029,3.0,74,HIGH
VEHICLE_CAPACITY_REDUCTION,LOW,5.0,10.4,172,41,-10.14,-0.307,33.56,63,MEDIUM
VEHICLE_CAPACITY_REDUCTION,LOW,10.0,9.27,168,35,-9.62,-0.368,31.31,69,MEDIUM
VEHICLE_CAPACITY_REDUCTION,LOW,0.0,9.45,176,35,-10.03,-0.375,32.42,63,MEDIUM
VEHICLE_CAPACITY_REDUCTION,LOW,0.0,10.35,172,38,-11.24,-0.393,34.16,63,MEDIUM
VEHICLE_CAPACITY_REDUCTION,LOW,0.0,10.29,173,36,-10.08,-0.327,32.27,63,MEDIUM
VEHICLE_CAPACITY_REDUCTION,LOW,10.0,10.38,180,42,-9.42,-0.396,31.91,72,HIGH
VEHICLE_CAPACITY_REDUCTION,LOW,0.0,10.07,167,36,-10.13,-0.349,35.19,63,MEDIUM
VEHICLE_CAPACITY_REDUCTION,LOW,0.0,9.24,180,38,-10.07,-0.342,33.88,66,MEDIUM
VEHICLE_CAPACITY_REDUCTION,LOW,10.0,10.26,180,44,-11.41,-0.407,36.15,72,HIGH
VEHICLE_CAPACITY_REDUCTION,LOW,0.0,11.52,171,34,-9.96,-0.403,32.32,63,MEDIUM
VEHICLE_CAPACITY_REDUCTION,LOW,10.0,8.1,168,36,-10.56,-0.345,35.71,69,MEDIUM
VEHICLE_CAPACITY_REDUCTION,LOW,0.0,10.72,174,48,-11.22,-0.393,31.43,63,MEDIUM
VEHICLE_CAPACITY_REDUCTION,LOW,0.0,11.13,170,45,-11.45,-0.41,33.03,63,MEDIUM
VEHICLE_CAPACITY_REDUCTION,LOW,0.0,11.86,170,40,-11.26,-0.384,32.89,63,MEDIUM
VEHICLE_CAPACITY_REDUCTION,LOW,0.0,10.58,171,45,-9.96,-0.35,32.39,63,MEDIUM
VEHICLE_CAPACITY_REDUCTION,LOW,0.0,9.48,184,45,-12.12,-0.397,31.94,66,MEDIUM
VEHICLE_CAPACITY_REDUCTION,LOW,0.0,11.15,178,48,-10.07,-0.394,31.42,63,MEDIUM
VEHICLE_CAPACITY_REDUCTION,LOW,0.0,11.5,170,38,-12.0,-0.399,34.95,63,MEDIUM
VEHICLE_CAPACITY_REDUCTION,LOW,0.0,11.78,176,44,-10.28,-0.36,34.33,63,MEDIUM
VEHICLE_CAPACITY_REDUCTION,LOW,0.0,9.22,169,34,-9.78,-0.307,33.3,63,MEDIUM
VEHICLE_CAPACITY_REDUCTION,LOW,0.0,6.75,180,41,-9.49,-0.365,29.38,66,MEDIUM
VEHICLE_CAPACITY_REDUCTION,LOW,5.0,6.3,171,37,-9.47,-0.366,33.34,63,MEDIUM
VEHICLE_CAPACITY_REDUCTION,LOW,5.0,5.27,177,39,-10.58,-0.343,30.67,63,MEDIUM
VEHICLE_CAPACITY_REDUCTION,LOW,0.0,6.25,169,34,-11.04,-0.363,32.14,63,MEDIUM
VEHICLE_CAPACITY_REDUCTION,LOW,5.0,5.93,170,38,-11.32,-0.295,30.2,63,MEDIUM
VEHICLE_CAPACITY_REDUCTION,LOW,0.0,5.78,178,40,-8.68,-0.376,32.0,63,MEDIUM
VEHICLE_CAPACITY_REDUCTION,LOW,0.0,6.31,185,40,-8.94,-0.377,31.54,66,MEDIUM
VEHICLE_CAPACITY_REDUCTION,LOW,5.0,6.11,176,42,-9.66,-0.316,30.39,63,MEDIUM
VEHICLE_CAPACITY_REDUCTION,LOW,10.0,4.88,176,30,-9.8,-0.287,30.65,69,MEDIUM
VEHICLE_CAPACITY_REDUCTION,LOW,10.0,6.39,171,36,-9.79,-0.322,32.51,69,MEDIUM
VEHICLE_CAPACITY_REDUCTION,LOW,0.0,6.36,176,34,-9.92,-0.306,32.35,63,MEDIUM
VEHICLE_CAPACITY_REDUCTION,LOW,0.0,6.59,174,32,-11.09,-0.306,28.75,63,MEDIUM
VEHICLE_CAPACITY_REDUCTION,LOW,10.0,5.29,182,34,-9.2,-0.281,33.13,72,HIGH
VEHICLE_CAPACITY_REDUCTION,LOW,0.0,5.2,175,30,-8.75,-0.352,33.2,63,MEDIUM
VEHICLE_CAPACITY_REDUCTION,LOW,5.0,6.03,169,33,-9.67,-0.342,32.19,63,MEDIUM
VEHICLE_CAPACITY_REDUCTION,LOW,5.0,7.0,178,30,-9.24,-0.355,30.06,63,MEDIUM
VEHICLE_CAPACITY_REDUCTION,LOW,0.0,5.89,181,38,-10.61,-0.361,32.95,66,MEDIUM
VEHICLE_CAPACITY_REDUCTION,LOW,0.0,4.88,177,35,-8.66,-0.36,30.28,63,MEDIUM
VEHICLE_CAPACITY_REDUCTION,LOW,0.0,6.09,173,42,-11.13,-0.29,32.13,63,MEDIUM
VEHICLE_CAPACITY_REDUCTION,LOW,0.0,5.58,168,41,-8.91,-0.282,33.08,63,MEDIUM
TRAFFIC_DELAY,LOW,18.69,0.0,177,24,-8.75,-0.279,21.87,59,MEDIUM
TRAFFIC_DELAY,LOW,13.44,0.0,180,26,-9.33,-0.366,24.07,62,MEDIUM
TRAFFIC_DELAY,LOW,15.28,0.0,173,32,-8.26,-0.301,22.27,59,MEDIUM
TRAFFIC_DELAY,LOW,12.48,0.0,168,31,-10.13,-0.299,22.37,59,MEDIUM
TRAFFIC_DELAY,LOW,16.96,0.0,172,30,-9.64,-0.279,24.59,59,MEDIUM
TRAFFIC_DELAY,LOW,17.7,5.0,182,26,-9.46,-0.292,21.62,67,MEDIUM
TRAFFIC_DELAY,LOW,15.02,0.0,172,30,-10.62,-0.291,22.22,59,MEDIUM
TRAFFIC_DELAY,LOW,14.08,5.0,171,30,-9.35,-0.329,23.69,64,MEDIUM
TRAFFIC_DELAY,LOW,14.6,5.0,177,30,-10.19,-0.334,21.76,64,MEDIUM
TRAFFIC_DELAY,LOW,11.91,0.0,172,24,-8.61,-0.363,21.96,59,MEDIUM
TRAFFIC_DELAY,LOW,18.52,0.0,170,22,-8.59,-0.31,24.56,59,MEDIUM
TRAFFIC_DELAY,LOW,16.98,0.0,181,27,-9.85,-0.318,22.9,62,MEDIUM
TRAFFIC_DELAY,LOW,15.96,0.0,178,23,-10.76,-0.36,24.35,59,MEDIUM
TRAFFIC_DELAY,LOW,17.31,0.0,178,30,-9.69,-0.336,24.49,59,MEDIUM
TRAFFIC_DELAY,LOW,17.44,0.0,171,30,-9.17,-0.285,21.91,59,MEDIUM
TRAFFIC_DELAY,LOW,13.5,5.0,180,32,-9.76,-0.323,23.9,67,MEDIUM
TRAFFIC_DELAY,LOW,12.7,0.0,173,30,-8.6,-0.283,24.34,59,MEDIUM
TRAFFIC_DELAY,LOW,16.38,0.0,174,22,-9.73,-0.354,23.78,59,MEDIUM
TRAFFIC_DELAY,LOW,11.9,0.0,183,22,-8.5,-0.301,21.53,62,MEDIUM
TRAFFIC_DELAY,LOW,11.3,0.0,177,24,-10.4,-0.305,21.61,59,MEDIUM
TRAFFIC_DELAY,MEDIUM,28.1,0.0,124,0,-3.02,-0.108,7.05,59,MEDIUM
TRAFFIC_DELAY,MEDIUM,32.08,0.0,134,1,-3.08,-0.113,6.96,62,MEDIUM
TRAFFIC_DELAY,MEDIUM,21.8,5.0,123,0,-3.27,-0.113,7.38,64,MEDIUM
TRAFFIC_DELAY,MEDIUM,24.49,0.0,129,0,-2.99,-0.122,6.83,59,MEDIUM
TRAFFIC_DELAY,MEDIUM,29.58,0.0,134,1,-3.39,-0.121,6.95,62,MEDIUM
TRAFFIC_DELAY,MEDIUM,27.72,5.0,133,0,-3.2,-0.104,7.55,64,MEDIUM
TRAFFIC_DELAY,MEDIUM,31.49,5.0,130,1,-3.56,-0.113,7.11,67,MEDIUM
TRAFFIC_DELAY,MEDIUM,20.8,0.0,128,0,-3.22,-0.094,6.8,59,MEDIUM
TRAFFIC_DELAY,MEDIUM,28.13,0.0,125,1,-3.39,-0.109,7.47,62,MEDIUM
TRAFFIC_DELAY,MEDIUM,21.77,0.0,124,0,-3.25,-0.094,7.16,59,MEDIUM
TRAFFIC_DELAY,MEDIUM,27.42,0.0,135,0,-3.38,-0.12,7.07,59,MEDIUM
TRAFFIC_DELAY,MEDIUM,27.48,0.0,128,1,-3.45,-0.116,7.31,62,MEDIUM
TRAFFIC_DELAY,MEDIUM,20.98,0.0,124,0,-3.13,-0.105,7.17,59,MEDIUM
TRAFFIC_DELAY,MEDIUM,30.22,5.0,134,0,-3.7,-0.11,7.52,64,MEDIUM
TRAFFIC_DELAY,MEDIUM,25.9,0.0,125,0,-3.7,-0.111,7.29,59,MEDIUM
TRAFFIC_DELAY,MEDIUM,21.71,5.0,130,0,-3.38,-0.104,6.95,64,MEDIUM
TRAFFIC_DELAY,MEDIUM,28.13,5.0,131,0,-3.61,-0.096,7.13,64,MEDIUM
TRAFFIC_DELAY,MEDIUM,23.95,0.0,124,0,-3.51,-0.12,6.87,59,MEDIUM
TRAFFIC_DELAY,MEDIUM,24.12,0.0,135,0,-3.51,-0.121,7.52,59,MEDIUM
TRAFFIC_DELAY,MEDIUM,30.22,0.0,124,0,-3.04,-0.116,6.95,59,MEDIUM
NEW_STOP,MEDIUM,0.0,0.0,173,27,-7.34,-0.305,23.14,63,MEDIUM
NEW_STOP,MEDIUM,5.0,0.0,177,21,-8.04,-0.29,23.68,63,MEDIUM
NEW_STOP,MEDIUM,0.0,5.0,175,27,-8.57,-0.254,22.65,68,MEDIUM
NEW_STOP,MEDIUM,5.0,0.0,178,23,-7.79,-0.249,22.86,63,MEDIUM
NEW_STOP,MEDIUM,5.0,0.0,178,23,-8.36,-0.31,22.93,63,MEDIUM
NEW_STOP,MEDIUM,5.0,0.0,177,20,-9.32,-0.271,21.36,63,MEDIUM
NEW_STOP,MEDIUM,10.0,5.0,175,22,-9.22,-0.241,20.55,74,HIGH
NEW_STOP,MEDIUM,0.0,0.0,172,26,-7.93,-0.253,21.34,63,MEDIUM
NEW_STOP,MEDIUM,0.0,0.0,166,27,-8.97,-0.276,23.26,63,MEDIUM
NEW_STOP,MEDIUM,0.0,0.0,178,27,-8.03,-0.32,21.97,63,MEDIUM
NEW_STOP,MEDIUM,0.0,5.0,181,23,-8.05,-0.298,22.25,71,HIGH
NEW_STOP,MEDIUM,0.0,0.0,170,20,-8.07,-0.29,23.31,63,MEDIUM
NEW_STOP,MEDIUM,0.0,0.0,171,23,-8.63,-0.312,21.17,63,MEDIUM
NEW_STOP,MEDIUM,0.0,0.0,173,28,-8.5,-0.281,21.35,63,MEDIUM
NEW_STOP,MEDIUM,0.0,0.0,167,26,-7.81,-0.255,21.29,63,MEDIUM
NEW_STOP,MEDIUM,5.0,5.0,167,23,-7.37,-0.252,22.24,68,MEDIUM
NEW_STOP,MEDIUM,10.0,0.0,166,22,-9.22,-0.285,22.13,69,MEDIUM
NEW_STOP,MEDIUM,0.0,5.0,176,28,-8.03,-0.289,20.66,68,MEDIUM
NEW_STOP,MEDIUM,0.0,0.0,171,25,-7.4,-0.287,22.99,63,MEDIUM
NEW_STOP,MEDIUM,10.0,0.0,170,25,-9.34,-0.29,20.83,69,MEDIUM
NEW_STOP,MEDIUM,0.0,5.0,162,20,-10.21,-0.337,20.24,68,MEDIUM
NEW_STOP,MEDIUM,10.0,0.0,164,17,-8.69,-0.331,19.4,69,MEDIUM
NEW_STOP,MEDIUM,10.0,0.0,164,17,-10.46,-0.292,22.33,69,MEDIUM
NEW_STOP,MEDIUM,5.0,5.0,172,17,-8.11,-0.275,20.7,68,MEDIUM
NEW_STOP,MEDIUM,0.0,5.0,161,17,-9.19,-0.333,21.26,68,MEDIUM
NEW_STOP,MEDIUM,0.0,0.0,160,15,-9.31,-0.319,21.88,63,MEDIUM
NEW_STOP,MEDIUM,5.0,0.0,162,16,-10.04,-0.345,22.25,63,MEDIUM
NEW_STOP,MEDIUM,0.0,0.0,164,19,-8.23,-0.309,20.18,63,MEDIUM
NEW_STOP,MEDIUM,5.0,0.0,172,18,-10.09,-0.366,20.48,63,MEDIUM
NEW_STOP,MEDIUM,0.0,0.0,164,20,-8.56,-0.363,19.97,63,MEDIUM
NEW_STOP,MEDIUM,0.0,0.0,162,16,-9.78,-0.315,21.65,63,MEDIUM
NEW_STOP,MEDIUM,5.0,5.0,165,16,-9.4,-0.288,20.41,68,MEDIUM
NEW_STOP,MEDIUM,0.0,5.0,170,18,-10.56,-0.287,21.19,68,MEDIUM
NEW_STOP,MEDIUM,5.0,0.0,161,16,-9.71,-0.297,22.27,63,MEDIUM
NEW_STOP,MEDIUM,0.0,0.0,172,17,-10.63,-0.341,21.14,63,MEDIUM
NEW_STOP,MEDIUM,0.0,5.0,170,20,-8.89,-0.318,21.7,68,MEDIUM
NEW_STOP,MEDIUM,0.0,0.0,171,20,-9.26,-0.283,19.37,63,MEDIUM
NEW_STOP,MEDIUM,5.0,0.0,164,15,-8.5,-0.278,21.91,63,MEDIUM
NEW_STOP,MEDIUM,10.0,0.0,162,17,-10.43,-0.334,21.24,69,MEDIUM
NEW_STOP,MEDIUM,5.0,5.0,160,18,-10.81,-0.291,19.3,68,MEDIUM
ROAD_CLOSURE,MEDIUM,0.0,0.0,122,1,-1.55,-0.059,3.33,60,MEDIUM
ROAD_CLOSURE,MEDIUM,0.0,0.0,123,1,-1.74,-0.064,3.43,60,MEDIUM
ROAD_CLOSURE,MEDIUM,0.0,0.0,122,1,-1.97,-0.052,3.18,60,MEDIUM
ROAD_CLOSURE,MEDIUM,5.0,0.0,123,1,-1.8,-0.056,3.45,60,MEDIUM
ROAD_CLOSURE,MEDIUM,0.0,0.0,133,1,-1.84,-0.06,3.36,60,MEDIUM
ROAD_CLOSURE,MEDIUM,0.0,0.0,128,1,-1.88,-0.068,3.67,60,MEDIUM
ROAD_CLOSURE,MEDIUM,5.0,0.0,125,1,-2.07,-0.054,3.46,60,MEDIUM
ROAD_CLOSURE,MEDIUM,10.0,0.0,123,1,-2.09,-0.052,3.46,66,MEDIUM
ROAD_CLOSURE,MEDIUM,0.0,0.0,123,1,-1.83,-0.056,3.33,60,MEDIUM
ROAD_CLOSURE,MEDIUM,10.0,5.0,133,1,-2.06,-0.057,3.46,71,HIGH
ROAD_CLOSURE,MEDIUM,0.0,0.0,134,1,-2.06,-0.053,3.24,60,MEDIUM
ROAD_CLOSURE,MEDIUM,5.0,0.0,131,1,-1.69,-0.059,3.52,60,MEDIUM
ROAD_CLOSURE,MEDIUM,0.0,0.0,122,1,-1.68,-0.067,3.21,60,MEDIUM
ROAD_CLOSURE,MEDIUM,0.0,0.0,123,1,-2.01,-0.052,3.3,60,MEDIUM
ROAD_CLOSURE,MEDIUM,10.0,0.0,132,1,-1.91,-0.053,3.61,66,MEDIUM
ROAD_CLOSURE,MEDIUM,0.0,0.0,132,1,-1.78,-0.065,3.41,60,MEDIUM
ROAD_CLOSURE,MEDIUM,0.0,0.0,125,1,-1.93,-0.054,3.55,60,MEDIUM
ROAD_CLOSURE,MEDIUM,0.0,0.0,123,1,-1.65,-0.06,3.6,60,MEDIUM
ROAD_CLOSURE,MEDIUM,5.0,0.0,133,1,-2.02,-0.055,3.4,60,MEDIUM
ROAD_CLOSURE,MEDIUM,0.0,0.0,131,1,-1.62,-0.056,3.47,60,MEDIUM
ROAD_CLOSURE,MEDIUM,0.0,0.0,143,1,-3.95,-0.137,7.2,60,MEDIUM
ROAD_CLOSURE,MEDIUM,5.0,5.0,142,1,-3.54,-0.121,6.44,65,MEDIUM
ROAD_CLOSURE,MEDIUM,5.0,0.0,143,1,-3.76,-0.123,6.84,60,MEDIUM
ROAD_CLOSURE,MEDIUM,0.0,0.0,147,1,-4.49,-0.127,6.79,60,MEDIUM
ROAD_CLOSURE,MEDIUM,0.0,0.0,140,1,-4.14,-0.138,6.96,60,MEDIUM
ROAD_CLOSURE,MEDIUM,0.0,0.0,149,1,-4.5,-0.121,6.73,60,MEDIUM
ROAD_CLOSURE,MEDIUM,0.0,0.0,140,1,-3.6,-0.116,7.32,60,MEDIUM
ROAD_CLOSURE,MEDIUM,5.0,0.0,143,1,-4.07,-0.132,6.45,60,MEDIUM
ROAD_CLOSURE,MEDIUM,0.0,5.0,144,1,-3.83,-0.138,6.55,65,MEDIUM
ROAD_CLOSURE,MEDIUM,5.0,5.0,143,1,-4.28,-0.12,6.39,65,MEDIUM
ROAD_CLOSURE,MEDIUM,5.0,0.0,149,1,-4.35,-0.143,6.7,60,MEDIUM
ROAD_CLOSURE,MEDIUM,0.0,0.0,141,1,-4.51,-0.141,6.56,60,MEDIUM
ROAD_CLOSURE,MEDIUM,0.0,0.0,153,1,-3.5,-0.144,7.18,63,MEDIUM
ROAD_CLOSURE,MEDIUM,10.0,5.0,146,1,-3.4,-0.115,6.92,71,HIGH
ROAD_CLOSURE,MEDIUM,0.0,0.0,143,1,-3.85,-0.133,6.32,60,MEDIUM
ROAD_CLOSURE,MEDIUM,0.0,0.0,145,1,-3.55,-0.132,7.07,60,MEDIUM
ROAD_CLOSURE,MEDIUM,0.0,0.0,143,1,-3.71,-0.118,6.85,60,MEDIUM
ROAD_CLOSURE,MEDIUM,0.0,5.0,149,1,-3.5,-0.147,7.23,65,MEDIUM
ROAD_CLOSURE,MEDIUM,0.0,0.0,148,1,-4.29,-0.14,6.44,60,MEDIUM
ROAD_CLOSURE,MEDIUM,10.0,5.0,139,1,-4.1,-0.128,6.87,71,HIGH
ROAD_CLOSURE,MEDIUM,10.0,0.0,148,1,-4.95,-0.182,11.57,66,MEDIUM
ROAD_CLOSURE,MEDIUM,0.0,0.0,145,1,-4.65,-0.161,12.98,60,MEDIUM
ROAD_CLOSURE,MEDIUM,0.0,5.0,147,1,-5.52,-0.2,12.88,65,MEDIUM
ROAD_CLOSURE,MEDIUM,0.0,0.0,142,1,-4.57,-0.167,11.58,60,MEDIUM
ROAD_CLOSURE,MEDIUM,10.0,0.0,146,1,-6.02,-0.178,12.28,66,MEDIUM
ROAD_CLOSURE,MEDIUM,10.0,0.0,142,1,-5.03,-0.207,11.82,69,MEDIUM
ROAD_CLOSURE,MEDIUM,5.0,0.0,152,1,-5.59,-0.192,12.9,63,MEDIUM
ROAD_CLOSURE,MEDIUM,0.0,0.0,146,1,-5.57,-0.2,12.29,60,MEDIUM
ROAD_CLOSURE,MEDIUM,5.0,0.0,139,1,-5.68,-0.185,11.72,60,MEDIUM
ROAD_CLOSURE,MEDIUM,5.0,0.0,151,1,-4.58,-0.176,12.21,63,MEDIUM
ROAD_CLOSURE,MEDIUM,0.0,0.0,143,1,-5.32,-0.157,13.16,60,MEDIUM
ROAD_CLOSURE,MEDIUM,0.0,0.0,142,1,-5.57,-0.189,12.67,60,MEDIUM
ROAD_CLOSURE,MEDIUM,10.0,0.0,148,1,-4.65,-0.154,11.59,66,MEDIUM
ROAD_CLOSURE,MEDIUM,10.0,5.0,145,1,-5.27,-0.2,12.71,71,HIGH
ROAD_CLOSURE,MEDIUM,0.0,0.0,141,1,-5.88,-0.166,12.36,60,MEDIUM
ROAD_CLOSURE,MEDIUM,10.0,5.0,150,1,-5.79,-0.194,11.41,74,HIGH
ROAD_CLOSURE,MEDIUM,0.0,0.0,148,1,-5.41,-0.19,12.74,60,MEDIUM
ROAD_CLOSURE,MEDIUM,5.0,5.0,140,1,-5.12,-0.204,12.07,68,MEDIUM
ROAD_CLOSURE,MEDIUM,5.0,5.0,146,1,-5.79,-0.171,11.98,65,MEDIUM
ROAD_CLOSURE,MEDIUM,10.0,0.0,148,1,-4.9,-0.198,12.67,66,MEDIUM
ROAD_CLOSURE,MEDIUM,0.0,0.0,140,1,-2.57,-0.095,6.32,60,MEDIUM
ROAD_CLOSURE,MEDIUM,0.0,0.0,137,1,-2.76,-0.086,6.34,60,MEDIUM
ROAD_CLOSURE,MEDIUM,0.0,0.0,138,1,-2.4,-0.094,6.82,60,MEDIUM
ROAD_CLOSURE,MEDIUM,5.0,0.0,130,1,-2.58,-0.077,6.44,60,MEDIUM
ROAD_CLOSURE,MEDIUM,10.0,0.0,138,1,-2.99,-0.097,6.23,66,MEDIUM
ROAD_CLOSURE,MEDIUM,10.0,0.0,132,1,-2.35,-0.101,6.99,66,MEDIUM
ROAD_CLOSURE,MEDIUM,0.0,0.0,141,1,-3.08,-0.092,6.36,60,MEDIUM
ROAD_CLOSURE,MEDIUM,0.0,0.0,143,1,-3.1,-0.081,6.01,60,MEDIUM
ROAD_CLOSURE,MEDIUM,0.0,0.0,141,1,-3.02,-0.089,6.27,60,MEDIUM
ROAD_CLOSURE,MEDIUM,0.0,0.0,137,1,-2.51,-0.093,6.24,60,MEDIUM
ROAD_CLOSURE,MEDIUM,10.0,5.0,140,1,-2.77,-0.089,6.08,71,HIGH
ROAD_CLOSURE,MEDIUM,5.0,0.0,135,1,-2.76,-0.09,6.12,60,MEDIUM
ROAD_CLOSURE,MEDIUM,0.0,0.0,140,1,-2.42,-0.081,6.94,60,MEDIUM
ROAD_CLOSURE,MEDIUM,0.0,5.0,138,1,-2.78,-0.095,6.7,65,MEDIUM
ROAD_CLOSURE,MEDIUM,10.0,0.0,135,1,-2.69,-0.09,6.15,66,MEDIUM
ROAD_CLOSURE,MEDIUM,0.0,0.0,132,1,-2.34,-0.089,6.7,60,MEDIUM
ROAD_CLOSURE,MEDIUM,0.0,0.0,140,1,-2.56,-0.083,6.87,60,MEDIUM
ROAD_CLOSURE,MEDIUM,5.0,5.0,131,1,-2.52,-0.079,6.59,65,MEDIUM
ROAD_CLOSURE,MEDIUM,0.0,0.0,130,1,-3.06,-0.096,6.27,60,MEDIUM
ROAD_CLOSURE,MEDIUM,0.0,0.0,139,1,-2.86,-0.096,6.27,60,MEDIUM
ROAD_CLOSURE,MEDIUM,10.0,0.0,116,1,-3.0,-0.089,8.82,64,MEDIUM
ROAD_CLOSURE,MEDIUM,0.0,0.0,124,1,-2.61,-0.086,8.51,60,MEDIUM
ROAD_CLOSURE,MEDIUM,5.0,0.0,121,1,-3.15,-0.087,8.29,60,MEDIUM
ROAD_CLOSURE,MEDIUM,5.0,0.0,117,1,-3.12,-0.104,9.04,58,MEDIUM
ROAD_CLOSURE,MEDIUM,0.0,5.0,115,1,-2.91,-0.091,8.77,63,MEDIUM
ROAD_CLOSURE,MEDIUM,10.0,0.0,121,1,-2.8,-0.098,8.42,66,MEDIUM
ROAD_CLOSURE,MEDIUM,5.0,0.0,114,1,-2.7,-0.087,7.83,58,MEDIUM
ROAD_CLOSURE,MEDIUM,5.0,0.0,121,1,-2.89,-0.11,8.33,60,MEDIUM
ROAD_CLOSURE,MEDIUM,0.0,0.0,119,1,-3.01,-0.087,8.23,58,MEDIUM
ROAD_CLOSURE,MEDIUM,10.0,0.0,120,1,-3.16,-0.098,8.79,66,MEDIUM
ROAD_CLOSURE,MEDIUM,0.0,5.0,115,1,-2.98,-0.104,8.3,63,MEDIUM
ROAD_CLOSURE,MEDIUM,5.0,0.0,115,1,-2.7,-0.098,8.2,58,MEDIUM
ROAD_CLOSURE,MEDIUM,0.0,0.0,117,1,-2.62,-0.107,8.62,58,MEDIUM
ROAD_CLOSURE,MEDIUM,0.0,0.0,115,1,-3.0,-0.098,8.44,58,MEDIUM
ROAD_CLOSURE,MEDIUM,10.0,0.0,125,1,-2.58,-0.111,8.11,66,MEDIUM
ROAD_CLOSURE,MEDIUM,0.0,5.0,118,1,-2.66,-0.104,8.83,63,MEDIUM
ROAD_CLOSURE,MEDIUM,10.0,5.0,121,1,-2.84,-0.1,8.02,71,HIGH
ROAD_CLOSURE,MEDIUM,10.0,0.0,123,1,-2.84,-0.089,8.13,66,MEDIUM
ROAD_CLOSURE,MEDIUM,0.0,0.0,114,1,-2.97,-0.107,8.56,58,MEDIUM
ROAD_CLOSURE,MEDIUM,10.0,0.0,121,1,-2.75,-0.114,8.45,66,MEDIUM
ROAD_CLOSURE,MEDIUM,0.0,0.0,103,1,-0.35,-0.011,0.93,58,MEDIUM
ROAD_CLOSURE,MEDIUM,0.0,0.0,105,1,-0.38,-0.011,0.97,58,MEDIUM
ROAD_CLOSURE,MEDIUM,0.0,0.0,108,1,-0.43,-0.01,0.95,58,MEDIUM
ROAD_CLOSURE,MEDIUM,0.0,0.0,106,1,-0.44,-0.011,0.91,58,MEDIUM
ROAD_CLOSURE,MEDIUM,0.0,0.0,101,1,-0.38,-0.009,0.94,58,MEDIUM
ROAD_CLOSURE,MEDIUM,0.0,0.0,104,1,-0.41,-0.009,0.9,58,MEDIUM
ROAD_CLOSURE,MEDIUM,5.0,0.0,104,1,-0.33,-0.011,1.0,58,MEDIUM
ROAD_CLOSURE,MEDIUM,0.0,5.0,102,1,-0.41,-0.011,0.89,63,MEDIUM
ROAD_CLOSURE,MEDIUM,0.0,5.0,109,1,-0.4,-0.009,0.92,63,MEDIUM
ROAD_CLOSURE,MEDIUM,0.0,0.0,106,1,-0.44,-0.01,0.98,58,MEDIUM
ROAD_CLOSURE,MEDIUM,10.0,0.0,109,1,-0.34,-0.011,0.98,64,MEDIUM
ROAD_CLOSURE,MEDIUM,10.0,0.0,111,1,-0.35,-0.01,0.92,64,MEDIUM
ROAD_CLOSURE,MEDIUM,10.0,0.0,107,1,-0.34,-0.009,0.87,64,MEDIUM
ROAD_CLOSURE,MEDIUM,0.0,0.0,106,1,-0.43,-0.009,0.94,58,MEDIUM
ROAD_CLOSURE,MEDIUM,10.0,0.0,104,1,-0.35,-0.011,0.89,64,MEDIUM
ROAD_CLOSURE,MEDIUM,0.0,0.0,102,1,-0.43,-0.009,0.95,58,MEDIUM
ROAD_CLOSURE,MEDIUM,0.0,5.0,102,1,-0.4,-0.009,0.87,63,MEDIUM
ROAD_CLOSURE,MEDIUM,5.0,0.0,106,1,-0.36,-0.011,0.99,58,MEDIUM
ROAD_CLOSURE,MEDIUM,5.0,5.0,111,1,-0.36,-0.009,0.86,63,MEDIUM
ROAD_CLOSURE,MEDIUM,5.0,0.0,110,1,-0.33,-0.01,1.0,58,MEDIUM
NEW_STOP,MEDIUM,5.0,0.0,148,5,-11.2,-0.436,15.57,53,MEDIUM
NEW_STOP,MEDIUM,5.0,0.0,153,4,-11.4,-0.404,13.85,51,MEDIUM
NEW_STOP,MEDIUM,10.0,0.0,152,5,-10.63,-0.372,14.66,62,MEDIUM
NEW_STOP,MEDIUM,0.0,0.0,159,5,-12.48,-0.447,14.36,56,MEDIUM
NEW_STOP,MEDIUM,0.0,0.0,160,5,-12.49,-0.463,15.23,56,MEDIUM
NEW_STOP,MEDIUM,0.0,5.0,161,5,-11.56,-0.362,14.13,61,MEDIUM
NEW_STOP,MEDIUM,0.0,5.0,151,4,-12.03,-0.386,13.67,56,MEDIUM
NEW_STOP,MEDIUM,0.0,5.0,152,5,-11.65,-0.404,15.78,61,MEDIUM
NEW_STOP,MEDIUM,0.0,5.0,157,4,-12.02,-0.442,14.06,56,MEDIUM
NEW_STOP,MEDIUM,10.0,0.0,149,5,-13.18,-0.39,14.87,59,MEDIUM
NEW_STOP,MEDIUM,0.0,0.0,152,4,-13.46,-0.373,15.57,51,MEDIUM
NEW_STOP,MEDIUM,0.0,0.0,154,5,-13.65,-0.364,13.99,56,MEDIUM
NEW_STOP,MEDIUM,0.0,5.0,147,4,-12.47,-0.439,14.32,53,MEDIUM
NEW_STOP,MEDIUM,0.0,0.0,157,5,-12.75,-0.47,14.19,56,MEDIUM
NEW_STOP,MEDIUM,0.0,0.0,158,4,-10.36,-0.471,15.41,51,MEDIUM
NEW_STOP,MEDIUM,5.0,0.0,158,5,-10.9,-0.384,14.44,56,MEDIUM
NEW_STOP,MEDIUM,0.0,0.0,161,4,-10.41,-0.361,14.52,51,MEDIUM
NEW_STOP,MEDIUM,0.0,0.0,148,5,-12.07,-0.469,15.27,53,MEDIUM
NEW_STOP,MEDIUM,0.0,0.0,149,4,-10.44,-0.398,15.84,48,MEDIUM
NEW_STOP,MEDIUM,5.0,5.0,149,4,-12.99,-0.411,15.13,53,MEDIUM
NEW_STOP,LOW,0.0,0.0,153,13,-9.99,-0.319,32.45,48,MEDIUM
NEW_STOP,LOW,10.0,0.0,154,10,-9.49,-0.311,32.75,54,MEDIUM
NEW_STOP,LOW,0.0,0.0,161,9,-9.88,-0.277,32.05,41,MEDIUM
NEW_STOP,LOW,0.0,5.0,156,10,-8.66,-0.303,30.91,53,MEDIUM
NEW_STOP,LOW,5.0,0.0,155,9,-10.38,-0.348,29.52,41,MEDIUM
NEW_STOP,LOW,0.0,5.0,164,12,-9.93,-0.347,32.52,53,MEDIUM
NEW_STOP,LOW,0.0,0.0,159,13,-8.69,-0.279,31.42,48,MEDIUM
NEW_STOP,LOW,0.0,0.0,158,12,-8.35,-0.363,29.34,48,MEDIUM
NEW_STOP,LOW,0.0,5.0,159,9,-9.51,-0.284,30.0,46,MEDIUM
NEW_STOP,LOW,10.0,0.0,155,12,-8.53,-0.307,29.88,54,MEDIUM
NEW_STOP,LOW,0.0,0.0,163,12,-8.64,-0.307,28.62,48,MEDIUM
NEW_STOP,LOW,0.0,0.0,168,13,-10.32,-0.309,30.84,48,MEDIUM
NEW_STOP,LOW,0.0,5.0,163,10,-9.17,-0.353,31.14,53,MEDIUM
NEW_STOP,LOW,0.0,0.0,165,13,-10.72,-0.281,30.68,48,MEDIUM
NEW_STOP,LOW,0.0,0.0,162,10,-8.63,-0.273,28.55,48,MEDIUM
NEW_STOP,LOW,0.0,5.0,164,9,-9.2,-0.276,32.43,46,MEDIUM
NEW_STOP,LOW,0.0,5.0,167,9,-10.52,-0.287,32.69,46,MEDIUM
NEW_STOP,LOW,0.0,5.0,159,13,-8.37,-0.301,31.12,53,MEDIUM
NEW_STOP,LOW,0.0,0.0,157,9,-9.66,-0.329,31.18,41,MEDIUM
NEW_STOP,LOW,5.0,0.0,165,13,-8.65,-0.351,30.76,48,MEDIUM
TRAFFIC_DELAY,LOW,6.64,0.0,150,7,-0.92,-0.026,3.42,43,MEDIUM
TRAFFIC_DELAY,LOW,5.41,0.0,163,7,-1.17,-0.028,3.6,43,MEDIUM
TRAFFIC_DELAY,LOW,5.55,0.0,149,8,-0.99,-0.026,3.51,40,MEDIUM
TRAFFIC_DELAY,LOW,6.39,0.0,157,7,-1.01,-0.029,3.33,43,MEDIUM
TRAFFIC_DELAY,LOW,6.93,0.0,155,8,-1.03,-0.032,3.31,43,MEDIUM
TRAFFIC_DELAY,LOW,5.08,0.0,157,7,-1.08,-0.026,3.46,43,MEDIUM
TRAFFIC_DELAY,LOW,6.14,0.0,160,7,-1.01,-0.032,3.31,43,MEDIUM
TRAFFIC_DELAY,LOW,7.11,0.0,153,6,-1.1,-0.03,3.41,43,MEDIUM
TRAFFIC_DELAY,LOW,6.73,5.0,151,7,-1.11,-0.034,3.49,48,MEDIUM
TRAFFIC_DELAY,LOW,6.52,0.0,165,8,-1.0,-0.026,3.28,43,MEDIUM
TRAFFIC_DELAY,LOW,6.29,0.0,161,8,-0.93,-0.026,3.22,43,MEDIUM
TRAFFIC_DELAY,LOW,5.84,0.0,150,7,-1.02,-0.034,3.49,43,MEDIUM
TRAFFIC_DELAY,LOW,5.9,0.0,159,7,-1.07,-0.028,3.56,43,MEDIUM
TRAFFIC_DELAY,LOW,6.01,0.0,163,8,-1.08,-0.029,3.63,43,MEDIUM
TRAFFIC_DELAY,LOW,5.13,0.0,151,8,-1.06,-0.034,3.17,43,MEDIUM
TRAFFIC_DELAY,LOW,5.02,0.0,158,6,-0.95,-0.03,3.47,43,MEDIUM
TRAFFIC_DELAY,LOW,6.73,0.0,159,8,-1.01,-0.031,3.52,43,MEDIUM
TRAFFIC_DELAY,LOW,4.92,5.0,163,6,-1.03,-0.028,3.37,48,MEDIUM
TRAFFIC_DELAY,LOW,6.55,0.0,157,8,-1.06,-0.034,3.49,43,MEDIUM
TRAFFIC_DELAY,LOW,4.57,0.0,163,7,-1.17,-0.026,3.33,43,MEDIUM
NEW_STOP,MEDIUM,0.0,0.0,132,0,-3.69,-0.145,12.75,42,MEDIUM
NEW_STOP,MEDIUM,0.0,5.0,124,0,-3.48,-0.124,12.4,47,MEDIUM
NEW_STOP,MEDIUM,10.0,0.0,132,1,-4.22,-0.121,12.41,51,MEDIUM
NEW_STOP,MEDIUM,0.0,0.0,131,1,-3.9,-0.113,12.46,45,MEDIUM
NEW_STOP,MEDIUM,0.0,0.0,126,0,-4.35,-0.138,12.64,42,MEDIUM
NEW_STOP,MEDIUM,5.0,0.0,129,0,-4.02,-0.132,13.12,42,MEDIUM
NEW_STOP,MEDIUM,0.0,0.0,127,1,-4.31,-0.149,12.11,45,MEDIUM
NEW_STOP,MEDIUM,0.0,0.0,131,0,-3.59,-0.137,13.14,42,MEDIUM
NEW_STOP,MEDIUM,0.0,0.0,127,0,-3.89,-0.138,12.9,42,MEDIUM
NEW_STOP,MEDIUM,0.0,0.0,133,1,-4.18,-0.119,12.14,45,MEDIUM
NEW_STOP,MEDIUM,0.0,0.0,129,0,-4.41,-0.131,11.52,42,MEDIUM
NEW_STOP,MEDIUM,10.0,5.0,135,0,-4.06,-0.125,12.06,53,MEDIUM
NEW_STOP,MEDIUM,0.0,5.0,123,1,-4.3,-0.117,11.82,50,MEDIUM
NEW_STOP,MEDIUM,0.0,0.0,124,1,-3.84,-0.145,12.07,45,MEDIUM
NEW_STOP,MEDIUM,0.0,0.0,123,0,-3.56,-0.114,12.19,42,MEDIUM
NEW_STOP,MEDIUM,5.0,0.0,127,0,-3.66,-0.132,11.82,42,MEDIUM
NEW_STOP,MEDIUM,10.0,0.0,129,1,-4.24,-0.143,12.8,51,MEDIUM
NEW_STOP,MEDIUM,10.0,0.0,131,0,-3.57,-0.131,12.68,48,MEDIUM
NEW_STOP,MEDIUM,10.0,0.0,123,0,-3.54,-0.113,13.17,48,MEDIUM
NEW_STOP,MEDIUM,0.0,0.0,124,0,-3.75,-0.144,11.73,42,MEDIUM
VEHICLE_CAPACITY_REDUCTION,LOW,10.0,5.33,128,0,-3.03,-0.116,7.73,48,MEDIUM
VEHICLE_CAPACITY_REDUCTION,LOW,0.0,6.3,129,0,-3.57,-0.125,7.03,42,MEDIUM
VEHICLE_CAPACITY_REDUCTION,LOW,0.0,6.47,127,0,-3.27,-0.098,7.23,42,MEDIUM
VEHICLE_CAPACITY_REDUCTION,LOW,10.0,5.96,127,0,-2.79,-0.119,7.53,48,MEDIUM
VEHICLE_CAPACITY_REDUCTION,LOW,10.0,5.48,130,0,-3.02,-0.104,6.94,48,MEDIUM
VEHICLE_CAPACITY_REDUCTION,LOW,10.0,5.26,128,0,-3.46,-0.112,7.17,48,MEDIUM
VEHICLE_CAPACITY_REDUCTION,LOW,5.0,5.89,134,1,-3.64,-0.096,7.53,45,MEDIUM
VEHICLE_CAPACITY_REDUCTION,LOW,5.0,5.7,132,1,-3.34,-0.123,7.79,45,MEDIUM
VEHICLE_CAPACITY_REDUCTION,LOW,5.0,6.0,125,0,-3.18,-0.109,6.79,42,MEDIUM
VEHICLE_CAPACITY_REDUCTION,LOW,0.0,5.65,132,0,-3.08,-0.106,7.69,42,MEDIUM
VEHICLE_CAPACITY_REDUCTION,LOW,5.0,5.4,135,0,-3.66,-0.108,7.35,42,MEDIUM
VEHICLE_CAPACITY_REDUCTION,LOW,0.0,6.05,135,0,-2.89,-0.098,7.33,42,MEDIUM
VEHICLE_CAPACITY_REDUCTION,LOW,0.0,5.27,124,0,-3.53,-0.102,6.77,42,MEDIUM
VEHICLE_CAPACITY_REDUCTION,LOW,0.0,5.28,129,0,-3.19,-0.1,7.07,42,MEDIUM
VEHICLE_CAPACITY_REDUCTION,LOW,0.0,6.1,127,1,-3.73,-0.103,6.81,45,MEDIUM
VEHICLE_CAPACITY_REDUCTION,LOW,0.0,6.48,135,0,-3.58,-0.112,7.78,42,MEDIUM
VEHICLE_CAPACITY_REDUCTION,LOW,0.0,6.98,125,0,-3.03,-0.107,7.49,42,MEDIUM
VEHICLE_CAPACITY_REDUCTION,LOW,0.0,5.99,132,0,-2.87,-0.11,7.03,42,MEDIUM
VEHICLE_CAPACITY_REDUCTION,LOW,0.0,6.86,128,0,-2.97,-0.108,7.19,42,MEDIUM
VEHICLE_CAPACITY_REDUCTION,LOW,5.0,5.8,130,0,-2.93,-0.096,7.55,42,MEDIUM
VEHICLE_CAPACITY_REDUCTION,LOW,0.0,10.11,134,0,-2.95,-0.101,6.75,42,MEDIUM
VEHICLE_CAPACITY_REDUCTION,LOW,5.0,7.75,130,0,-2.57,-0.094,6.87,42,MEDIUM
VEHICLE_CAPACITY_REDUCTION,LOW,5.0,7.67,130,0,-2.84,-0.091,6.87,42,MEDIUM
VEHICLE_CAPACITY_REDUCTION,LOW,0.0,8.04,135,0,-2.35,-0.09,6.52,42,MEDIUM
VEHICLE_CAPACITY_REDUCTION,LOW,0.0,8.47,135,0,-2.51,-0.098,6.8,42,MEDIUM
VEHICLE_CAPACITY_REDUCTION,LOW,0.0,10.09,137,1,-2.74,-0.096,6.35,45,MEDIUM
VEHICLE_CAPACITY_REDUCTION,LOW,0.0,8.26,135,0,-2.36,-0.077,6.22,42,MEDIUM
VEHICLE_CAPACITY_REDUCTION,LOW,0.0,10.07,131,1,-2.79,-0.094,6.9,45,MEDIUM
VEHICLE_CAPACITY_REDUCTION,LOW,0.0,8.78,130,0,-3.02,-0.1,6.41,42,MEDIUM
VEHICLE_CAPACITY_REDUCTION,LOW,10.0,9.33,137,0,-2.4,-0.099,6.42,48,MEDIUM
VEHICLE_CAPACITY_REDUCTION,LOW,0.0,10.03,135,1,-2.41,-0.102,6.8,45,MEDIUM
VEHICLE_CAPACITY_REDUCTION,LOW,0.0,7.24,142,0,-2.62,-0.081,6.56,42,MEDIUM
VEHICLE_CAPACITY_REDUCTION,LOW,0.0,10.4,137,1,-3.11,-0.081,6.11,45,MEDIUM
VEHICLE_CAPACITY_REDUCTION,LOW,0.0,10.27,143,0,-3.16,-0.095,6.07,42,MEDIUM
VEHICLE_CAPACITY_REDUCTION,LOW,0.0,9.81,129,0,-2.8,-0.085,6.08,42,MEDIUM
VEHICLE_CAPACITY_REDUCTION,LOW,0.0,7.83,133,0,-2.81,-0.103,6.28,42,MEDIUM
VEHICLE_CAPACITY_REDUCTION,LOW,0.0,9.37,142,0,-2.57,-0.098,6.9,42,MEDIUM
VEHICLE_CAPACITY_REDUCTION,LOW,5.0,9.4,138,1,-2.61,-0.08,6.86,45,MEDIUM
VEHICLE_CAPACITY_REDUCTION,LOW,5.0,8.75,137,1,-2.47,-0.077,6.31,45,MEDIUM
VEHICLE_CAPACITY_REDUCTION,LOW,0.0,8.73,141,0,-2.75,-0.085,6.72,42,MEDIUM
NEW_STOP,MEDIUM,0.0,0.0,144,1,-3.96,-0.122,6.13,45,MEDIUM
NEW_STOP,MEDIUM,5.0,0.0,153,0,-3.37,-0.119,6.02,45,MEDIUM
NEW_STOP,MEDIUM,10.0,0.0,142,0,-3.6,-0.104,5.85,48,MEDIUM
NEW_STOP,MEDIUM,0.0,0.0,151,0,-3.88,-0.131,6.66,45,MEDIUM
NEW_STOP,MEDIUM,10.0,0.0,150,0,-3.86,-0.104,5.75,51,MEDIUM
NEW_STOP,MEDIUM,0.0,0.0,147,0,-3.09,-0.121,6.64,42,MEDIUM
NEW_STOP,MEDIUM,5.0,0.0,151,0,-4.08,-0.137,5.95,45,MEDIUM
NEW_STOP,MEDIUM,0.0,5.0,151,0,-3.17,-0.137,6.02,50,MEDIUM
NEW_STOP,MEDIUM,10.0,5.0,140,1,-4.04,-0.115,6.12,56,MEDIUM
NEW_STOP,MEDIUM,0.0,0.0,140,0,-4.07,-0.135,5.9,42,MEDIUM
NEW_STOP,MEDIUM,0.0,0.0,146,0,-3.39,-0.132,6.04,42,MEDIUM
NEW_STOP,MEDIUM,5.0,0.0,139,0,-4.03,-0.135,6.49,42,MEDIUM
NEW_STOP,MEDIUM,10.0,0.0,140,1,-3.33,-0.135,6.35,51,MEDIUM
NEW_STOP,MEDIUM,0.0,0.0,144,0,-3.12,-0.121,6.03,42,MEDIUM
NEW_STOP,MEDIUM,0.0,0.0,149,1,-3.2,-0.112,6.15,45,MEDIUM
NEW_STOP,MEDIUM,0.0,5.0,150,0,-3.5,-0.109,5.92,50,MEDIUM
NEW_STOP,MEDIUM,5.0,0.0,151,0,-3.04,-0.105,6.25,45,MEDIUM
NEW_STOP,MEDIUM,0.0,0.0,148,0,-3.15,-0.132,6.2,42,MEDIUM
NEW_STOP,MEDIUM,0.0,0.0,152,0,-4.03,-0.116,6.21,45,MEDIUM
NEW_STOP,MEDIUM,0.0,5.0,149,0,-3.89,-0.121,6.2,47,MEDIUM
NEW_STOP,MEDIUM,5.0,5.0,76,0,-1.81,-0.065,6.17,45,MEDIUM
NEW_STOP,MEDIUM,0.0,0.0,81,0,-1.88,-0.052,5.88,40,MEDIUM
NEW_STOP,MEDIUM,10.0,0.0,79,0,-1.52,-0.058,6.71,46,MEDIUM
NEW_STOP,MEDIUM,5.0,5.0,78,1,-1.51,-0.066,6.67,48,MEDIUM
NEW_STOP,MEDIUM,10.0,0.0,77,1,-1.76,-0.064,6.44,49,MEDIUM
NEW_STOP,MEDIUM,10.0,0.0,74,1,-1.51,-0.052,6.26,49,MEDIUM
NEW_STOP,MEDIUM,5.0,0.0,81,0,-1.68,-0.057,6.61,40,MEDIUM
NEW_STOP,MEDIUM,10.0,5.0,75,1,-1.46,-0.056,6.68,54,MEDIUM
NEW_STOP,MEDIUM,0.0,0.0,75,1,-1.83,-0.055,6.7,43,MEDIUM
NEW_STOP,MEDIUM,10.0,5.0,80,1,-1.61,-0.061,6.48,54,MEDIUM
NEW_STOP,MEDIUM,0.0,0.0,81,0,-1.59,-0.068,6.73,40,MEDIUM
NEW_STOP,MEDIUM,5.0,0.0,78,0,-1.85,-0.058,6.46,40,MEDIUM
NEW_STOP,MEDIUM,5.0,0.0,76,0,-1.72,-0.063,6.65,40,MEDIUM
NEW_STOP,MEDIUM,10.0,0.0,76,0,-1.85,-0.065,5.86,46,MEDIUM
NEW_STOP,MEDIUM,5.0,0.0,81,1,-1.61,-0.057,6.28,43,MEDIUM
NEW_STOP,MEDIUM,10.0,0.0,76,1,-1.51,-0.052,6.74,49,MEDIUM
NEW_STOP,MEDIUM,0.0,0.0,81,0,-1.9,-0.061,6.47,40,MEDIUM
NEW_STOP,MEDIUM,0.0,0.0,77,0,-1.55,-0.063,6.2,40,MEDIUM
NEW_STOP,MEDIUM,0.0,0.0,76,1,-1.62,-0.061,5.82,43,MEDIUM
NEW_STOP,MEDIUM,5.0,0.0,80,0,-1.44,-0.054,6.41,40,MEDIUM
NEW_STOP,LOW,0.0,0.0,149,2,-7.5,-0.192,11.73,30,LOW
NEW_STOP,LOW,5.0,0.0,147,3,-7.41,-0.233,10.89,33,LOW
NEW_STOP,LOW,5.0,0.0,149,3,-5.69,-0.188,11.58,30,LOW
NEW_STOP,LOW,0.0,0.0,154,3,-7.36,-0.204,10.97,36,LOW
NEW_STOP,LOW,5.0,0.0,160,3,-6.48,-0.23,10.46,36,LOW
NEW_STOP,LOW,0.0,0.0,159,3,-5.73,-0.201,11.03,36,LOW
NEW_STOP,LOW,10.0,0.0,158,4,-6.66,-0.219,10.41,42,MEDIUM
NEW_STOP,LOW,0.0,0.0,157,3,-7.58,-0.221,11.36,36,LOW
NEW_STOP,LOW,0.0,5.0,152,3,-6.0,-0.199,10.83,38,LOW
NEW_STOP,LOW,5.0,0.0,155,2,-6.7,-0.199,11.18,33,LOW
NEW_STOP,LOW,0.0,0.0,153,3,-6.36,-0.237,10.94,36,LOW
NEW_STOP,LOW,5.0,0.0,147,2,-7.0,-0.228,10.73,33,LOW
NEW_STOP,LOW,5.0,0.0,154,4,-7.07,-0.195,10.81,33,LOW
NEW_STOP,LOW,10.0,0.0,161,3,-6.24,-0.251,10.75,42,MEDIUM
NEW_STOP,LOW,0.0,0.0,159,3,-5.82,-0.189,10.62,33,LOW
NEW_STOP,LOW,5.0,0.0,157,3,-5.9,-0.232,10.48,36,LOW
NEW_STOP,LOW,5.0,5.0,157,3,-5.71,-0.233,10.4,41,MEDIUM
NEW_STOP,LOW,5.0,0.0,150,3,-6.51,-0.219,10.33,36,LOW
NEW_STOP,LOW,0.0,0.0,157,3,-7.52,-0.224,11.1,36,LOW
NEW_STOP,LOW,0.0,0.0,160,3,-6.94,-0.231,10.42,36,LOW
TRAFFIC_DELAY,LOW,4.9,5.0,131,0,-1.26,-0.057,2.65,37,LOW
TRAFFIC_DELAY,LOW,5.16,0.0,134,0,-1.41,-0.054,2.41,32,LOW
TRAFFIC_DELAY,LOW,7.17,5.0,126,0,-1.49,-0.05,2.55,37,LOW
TRAFFIC_DELAY,LOW,6.24,0.0,131,0,-1.32,-0.052,2.64,32,LOW
TRAFFIC_DELAY,LOW,4.66,5.0,128,0,-1.34,-0.046,2.46,37,LOW
TRAFFIC_DELAY,LOW,7.16,0.0,134,0,-1.46,-0.044,2.55,32,LOW
TRAFFIC_DELAY,LOW,6.81,5.0,132,1,-1.36,-0.046,2.53,40,MEDIUM
TRAFFIC_DELAY,LOW,6.81,0.0,128,0,-1.53,-0.051,2.52,32,LOW
TRAFFIC_DELAY,LOW,6.32,0.0,132,0,-1.35,-0.05,2.44,32,LOW
TRAFFIC_DELAY,LOW,6.13,0.0,126,0,-1.47,-0.056,2.74,32,LOW
TRAFFIC_DELAY,LOW,4.91,0.0,125,0,-1.2,-0.057,2.44,32,LOW
TRAFFIC_DELAY,LOW,5.72,0.0,125,1,-1.48,-0.049,2.43,35,LOW
TRAFFIC_DELAY,LOW,6.03,0.0,134,0,-1.41,-0.051,2.65,32,LOW
TRAFFIC_DELAY,LOW,7.24,0.0,133,0,-1.26,-0.044,2.49,32,LOW
TRAFFIC_DELAY,LOW,7.42,0.0,122,0,-1.2,-0.057,2.53,32,LOW
TRAFFIC_DELAY,LOW,5.83,5.0,129,0,-1.38,-0.048,2.55,37,LOW
TRAFFIC_DELAY,LOW,7.11,0.0,123,0,-1.33,-0.055,2.72,32,LOW
TRAFFIC_DELAY,LOW,6.1,0.0,124,0,-1.18,-0.053,2.71,32,LOW
TRAFFIC_DELAY,LOW,6.94,0.0,126,0,-1.53,-0.046,2.72,32,LOW
TRAFFIC_DELAY,LOW,6.16,5.0,125,1,-1.17,-0.053,2.54,40,MEDIUM
TRAFFIC_DELAY,LOW,7.61,0.0,115,0,-2.35,-0.098,7.5,30,LOW
TRAFFIC_DELAY,LOW,8.49,0.0,121,1,-2.64,-0.085,8.6,35,LOW
TRAFFIC_DELAY,LOW,6.86,5.0,122,0,-3.07,-0.085,7.52,37,LOW
TRAFFIC_DELAY,LOW,9.48,0.0,116,0,-2.39,-0.08,8.18,30,LOW
TRAFFIC_DELAY,LOW,9.02,0.0,122,1,-2.58,-0.102,8.45,35,LOW
TRAFFIC_DELAY,LOW,7.1,0.0,115,0,-2.75,-0.081,8.61,30,LOW
TRAFFIC_DELAY,LOW,8.94,0.0,116,0,-2.88,-0.08,7.94,30,LOW
TRAFFIC_DELAY,LOW,10.74,5.0,122,1,-3.1,-0.099,7.77,46,MEDIUM
TRAFFIC_DELAY,LOW,6.89,0.0,114,0,-2.78,-0.085,7.85,30,LOW
TRAFFIC_DELAY,LOW,11.2,0.0,116,1,-2.89,-0.088,8.58,39,LOW
TRAFFIC_DELAY,LOW,9.14,0.0,116,1,-2.93,-0.078,7.65,33,LOW
TRAFFIC_DELAY,LOW,10.07,0.0,124,1,-2.82,-0.082,8.47,41,MEDIUM
TRAFFIC_DELAY,LOW,9.08,0.0,121,0,-2.54,-0.078,7.74,32,LOW
TRAFFIC_DELAY,LOW,9.15,5.0,119,1,-2.67,-0.095,8.01,38,LOW
TRAFFIC_DELAY,LOW,7.95,0.0,117,0,-2.74,-0.096,8.57,30,LOW
TRAFFIC_DELAY,LOW,6.94,5.0,125,1,-2.8,-0.081,8.35,40,MEDIUM
TRAFFIC_DELAY,LOW,11.01,0.0,119,0,-3.07,-0.096,7.97,36,LOW
TRAFFIC_DELAY,LOW,10.57,0.0,115,1,-2.66,-0.09,8.12,39,LOW
TRAFFIC_DELAY,LOW,10.8,0.0,114,0,-2.87,-0.079,8.15,36,LOW
TRAFFIC_DELAY,LOW,7.1,0.0,118,0,-2.68,-0.092,7.52,30,LOW
TRAFFIC_DELAY,LOW,5.02,0.0,57,0,-0.67,-0.021,2.42,30,LOW
TRAFFIC_DELAY,LOW,7.43,0.0,61,0,-0.64,-0.021,2.3,30,LOW
TRAFFIC_DELAY,LOW,6.11,5.0,60,0,-0.57,-0.018,2.64,35,LOW
TRAFFIC_DELAY,LOW,5.25,0.0,58,0,-0.7,-0.02,2.45,30,LOW
TRAFFIC_DELAY,LOW,5.15,5.0,59,0,-0.75,-0.018,2.52,35,LOW
TRAFFIC_DELAY,LOW,5.84,5.0,58,0,-0.72,-0.02,2.5,35,LOW
TRAFFIC_DELAY,LOW,5.05,5.0,58,1,-0.7,-0.018,2.56,38,LOW
TRAFFIC_DELAY,LOW,5.75,0.0,60,0,-0.63,-0.018,2.41,30,LOW
TRAFFIC_DELAY,LOW,6.5,0.0,56,0,-0.65,-0.018,2.38,30,LOW
TRAFFIC_DELAY,LOW,7.19,0.0,60,0,-0.61,-0.019,2.34,30,LOW
TRAFFIC_DELAY,LOW,4.73,0.0,59,0,-0.69,-0.019,2.57,30,LOW
TRAFFIC_DELAY,LOW,5.27,0.0,58,0,-0.58,-0.02,2.46,30,LOW
TRAFFIC_DELAY,LOW,6.31,0.0,57,0,-0.76,-0.021,2.45,30,LOW
TRAFFIC_DELAY,LOW,5.27,0.0,58,0,-0.63,-0.022,2.44,30,LOW
TRAFFIC_DELAY,LOW,5.65,0.0,61,1,-0.69,-0.021,2.42,33,LOW
TRAFFIC_DELAY,LOW,4.62,5.0,60,0,-0.66,-0.019,2.49,35,LOW
TRAFFIC_DELAY,LOW,4.54,0.0,59,0,-0.65,-0.019,2.35,30,LOW
TRAFFIC_DELAY,LOW,5.99,5.0,60,0,-0.7,-0.02,2.66,35,LOW
TRAFFIC_DELAY,LOW,6.92,5.0,61,0,-0.64,-0.019,2.51,35,LOW
TRAFFIC_DELAY,LOW,4.74,0.0,59,0,-0.73,-0.018,2.55,30,LOW
NEW_STOP,LOW,0.0,0.0,144,0,-4.1,-0.163,8.99,27,LOW
NEW_STOP,LOW,0.0,0.0,148,0,-3.99,-0.138,9.38,27,LOW
NEW_STOP,LOW,0.0,0.0,145,0,-4.82,-0.14,9.01,27,LOW
NEW_STOP,LOW,0.0,5.0,147,0,-4.69,-0.157,10.05,32,LOW
NEW_STOP,LOW,10.0,0.0,138,0,-4.51,-0.152,9.59,33,LOW
NEW_STOP,LOW,10.0,0.0,144,0,-4.04,-0.15,9.88,33,LOW
NEW_STOP,LOW,5.0,5.0,145,0,-4.84,-0.141,9.93,32,LOW
NEW_STOP,LOW,5.0,0.0,138,0,-3.96,-0.13,9.79,27,LOW
NEW_STOP,LOW,5.0,0.0,141,0,-4.99,-0.146,9.62,27,LOW
NEW_STOP,LOW,10.0,0.0,145,0,-3.99,-0.15,9.43,33,LOW
NEW_STOP,LOW,0.0,0.0,139,1,-4.2,-0.141,9.23,30,LOW
NEW_STOP,LOW,0.0,0.0,136,1,-3.79,-0.144,9.45,30,LOW
NEW_STOP,LOW,0.0,5.0,141,1,-4.28,-0.138,10.01,35,LOW
NEW_STOP,LOW,0.0,5.0,136,0,-4.63,-0.145,8.67,32,LOW
NEW_STOP,LOW,0.0,5.0,143,0,-4.25,-0.137,9.86,32,LOW
NEW_STOP,LOW,5.0,0.0,136,0,-4.85,-0.16,9.96,27,LOW
NEW_STOP,LOW,0.0,0.0,138,0,-4.23,-0.138,9.73,27,LOW
NEW_STOP,LOW,0.0,0.0,143,0,-4.51,-0.168,9.13,27,LOW
NEW_STOP,LOW,0.0,0.0,140,0,-4.15,-0.136,9.97,27,LOW
NEW_STOP,LOW,0.0,5.0,148,1,-4.58,-0.13,10.01,35,LOW
